"Date","X0009X","X0016A","X0034X","X0042Y","X0061X","X0066X","X0073X","X0076","X0092X","X0106X","X0114X","X0120X","X0149D","X0149X","X0158O","X0158X","X0171X","X0194D","X0200E","X0201D","X0201X","X0222X","X0244X","X0252D","X0260X","X0281Y","X0284X","X0294B","X0312X","X0320I","X0321","X0324A","X0341","X0349","X0360X","X0363X","X0367","X0370E","X0372C","X0385X","X0394X","X0411X","X0413A","X0421E","X0421X","X0429X","X0433D","X1002Y","X1010X","X1012P","X1014","X1014A","X1021X","X1021Y","X1024E","X1025A","X1025X","X1026X","X1033X","X1037X","X1037Y","X1038X","X1041A","X1044X","X1048X","X1049N","X1050J","X1052A","X1056K","X1057B","X1059X","X1060X","X1064L","X1069Y","X1074C","X1078C","X1078I","X1082","X1083B","X1083L","X1089U","X1096X","X1103X","X1109","X1109X","X1111X","X1124E","X1135C","X1152C","X1154H","X1159","X1167B","X1167G","X1167J","X1174I","X1176A","X1178R","X1178Y","X1179B","X1183X","X1186P","X1199X","X1203D","X1207U","X1208H","X1210X","X1212E","X1221D","X1223P","X1226X","X1234P","X1249X","X1272B","X1276F","X1279X","X1283U","X1297E","X1302F","X1309C","X1327A","X1331A","X1341B","X1342X","X1344X","X1347T","X1351","X1354C","X1363X","X1387","X1387D","X1387E","X1390X","X1399","X1406X","X1410X","X1428","X1435C","X1442U","X1446X","X1455I","X1465U","X1466A","X1468X","X1473A","X1475X","X1476R","X1477V","X1484C","X1486E","X1489A","X1495","X1496X","X1505","X1518A","X1521I","X1521X","X1541B","X1542","X1549","X1561I","X1583X","X1631E","X1639X","X1658","X1679A","X1690A","X1696O","X1700X","X1701X","X1706A","X1719","X1723X","X1730E","X1735X","X1738U","X1740","X2005Y","X2017Y","X2030","X2044B","X2048A","X2059B","X2084Y","X2092","X2096B","X2106B","X2117D","X2135A","X2140A","X2150H","X2166Y","X2172Y","X2182C","X2192C","X2235U","X2243A","X2276B","X2285B","X2290Y","X2296A","X2298","X2302N","X2311Y","X2331","X2362C","X2374X","X2400E","X2401X","X2422","X2430Y","X2444","X2453E","X2456B","X2462","X2465","X2471Y","X2482B","X2491C","X2503B","X2507Y","X2512Y","X2517A","X2536D","X2539","X2555B","X2565","X2568D","X2593D","X2604B","X2611D","X2614","X2624C","X2626Y","X2630X","X2661","X2664B","X2701D","X2728B","X2734D","X2737E","X2742R","X2755X","X2766E","X2775X","X2777K","X2789H","X2804F","X2828Y","X2847X","X2863C","X2867","X2870","X2873X","X2882D","X2885K","X2891A","X2914C","X2916A","X2918Y","X2926B","X2930Y","X2945A","X2946X","X2966D","X2969U","X2978X","X3013","X3021Y","X3085Y","X3094B","X3099Y","X3100B","X3103","X3104Y","X3110C","X3111D","X3125Y","X3126Y","X3129","X3130C","X3140Y","X3168D","X3170Y","X3175","X3182Y","X3191E","X3194U","X3194Y","X3195","X3196","X3200","X3209Y","X3229Y","X3245Y","X3254Y","X3260B","X3266A","X3268C","X3298X","X3305Y","X3319D","X3330Y","X3337U","X3338","X3343Y","X3362Y","X3365A","X3386A","X3391","X3422D","X3423I","X3427Y","X3434X","X3436D","X3448X","X3455X","X3463Y","X3469A","X3475X","X3494U","X3503","X3504X","X3512X","X3514B","X3516X","X3519X","X3526X","X3531X","X3536X","X3540X","X3547X","X3562X","X3565X","X3576X","X4007Y","X4051Y","X4061X","X4064Y","X4067","X4070Y","X4075Y","X4089A","X4090Y","X4091Y","X4093Y","X4095Y","X4096Y","X4103X","X4116I","X4121","X4138Y","X4147X","X4148","X4193Y","X4195E","X4210Y","X4220X","X4236Y","X4244X","X4245X","X4260","X4263X","X4267X","X4300Y","X4325Y","X4339X","X4340","X4347X","X4358X","X4362X","X4386B","X4395X","X4410X","X4411C","X4427X","X4436Y","X4452","X4464X","X4468X","X4478X","X4486X","X4489X","X4492F","X4497X","X4499X","X4501X","X4511C","X4520X","X4527X","X4541X","X4549Y","X4554X","X4560Y","X4575X","X4584X","X4589X","X4608X","X4622X","X4642E","X5000C","X5038Y","X5047E","X5051X","X5060X","X5103E","X5103F","X5107D","X5164B","X5165X","X5181D","X5192","X5210X","X5246","X5270B","X5279X","X5281X","X5298X","X5304Y","X5341C","X5346X","X5361X","X5390Y","X5394X","X5402","X5406X","X5412X","X5427X","X5429X","X5459X","X5470","X5473X","X5511","X5514","X5514Z","X5515D","X5515X","X5516D","X5530E","X5582A","X5598X","X5612B","X5612X","X5624X","X5625X","X5641X","X5654X","X5656","X5702X","X5704B","X5726X","X5733X","X5769X","X5783","X5788X","X5790Y","X5796","X5835X","X5858X","X5860E","X5891X","X5906X","X5910","X5911A","X5919X","X5941X","X5950X","X5960","X5972X","X5973","X5983X","X5995B","X5996B","X5998X","X6001","X6032X","X6040X","X6042I","X6045X","X6050X","X6056X","X6057X","X6058I","X6069X","X6076X","X6083X","X6084X","X6088X","X6100B","X6106X","X6127X","X6143X","X6155A","X6156X","X6172X","X6175X","X6199X","X6201X","X6205X","X6213X","X6248D","X6258X","X6267X","X6268Y","X6272X","X6277B","X6281X","X6291B","X6293X","X6299I","X6302A","X6307C","X6307X","X6312E","X6325O","X6329X","X6332Y","X6335O","X6340X","X6364X","X6367B","X6375X","X7002Y","X7007Y","X7012C","X7012D","X7019X","X7020C","X7023X","X7026X","X7031","X7031X","X7066Y","X7067Y","X7072Y","X7080X","X7096B","X7103Y","X7119B","X7121A","X7127X","X7138B","X7145D","X7158X","X7172X","X7178I","X7195X","X7203A","X7209","X7211B","X7218Y","X7227X","X7228","X7237E","X7244X","X7247X","X7250C","X7261X","X7275C","X8005X","X8008Y","X8013X","X8018X","X8019","X8025","X8036Y","X8050X","X8057C","X8058Y","X8059C","X8072Y","X8084Y","X8096","X8155Y","X8175","X8177A","X8178D","X8193E","X8198Y","X8203O","X8210Y","X8270X","X8283X","X8293X","X8300X","X8309X","X8325X","X8337X","X8354X","X8368U","X8376","X8381X","X8395X","X8409X","X8414A","X8416","X8416X","X8416Y","X8439X","X8446Y","X8458X","X8472A","X8486X","X8489X","X8492X","X8500A","X8501","X8503Y","X8520X","X9001D","X9001S","X9012E","X9016X","X9019B","X9031C","X9051","X9060X","X9069C","X9073X","X9091O","X9091R","X9111","X9115X","X9121X","X9122I","X9136X","X9141V","X9145X","X9145Y","X9170","X9171K","X9178X","X9188","X9195C","X9198X","X9201X","X9207","X9208E","X9211F","X9218A","X9228J","X9228T","X9238X","X9244X","X9245X","X9252X","X9257X","X9262","X9262P","X9263D","X9263X","X9274X","X9280B","X9287A","X9293X","X9294E","X9299X","X9301X","X9302Y","X9336D","X9344C","X9352A","X9354X","X9374X","X9377Y","X9381I","X9390","X9394X","X9427X","X9434","X9434P","X9436X","X9445L","X9451F","X9453X","X9460X","X9491X","X9495Y","X9501X","X9510X","X9513X","X9531Y","X9546B","X9550C","X9561X","X9562X","X9563X","X9569A","X9573X","X9574B","X9585","X9590","X9590D","X9632X","X9638D","X9647X","X9650X","X9657X","X9660","X9677","X9689X","X9698U","X9707","X9718X","X9724X","X9726E","X9729X","X9744B","X9751","X9756X","X9771C","X9772X","X9775X","X9776D","X9784P","X9808X","X9812M","X9814I","X9814X","X9838B","X9839V","X9843A","X9855E","X9866C","X9894Y","X9898","X9901X","X9908X","X9911X","X9918Y","X9924X","X9935X","X9946X","X9947X","X9961X","X9975X","X9981A","X9988B","X9990X","X9994X","X9995Y","X9998X","B013X","B051A","B087X","B103B","B158X","B228","B236C","B248","B275E","B278","B301","B334X","B341X","B362X","B373X","B410B","B434X","B496X","B526X","B569X","B603X","B605X","B614E","B640X","B644B","B656A","B662X","B684A","B691","B691Y","B760X","B780X","B825B","B860X","B870C","B893","B908X","B925","B954","B957","B986"
2025-03-01,2.2,0.8,0.6,0.2,0,0,0,0,8,2.2,5.6,0,3,3,1.7,1.6,1.2,0.2,0,0,0,0,0,NA,0,0,0,NA,0.8,12.8,6,2.8,0,0,0,0.2,0,0,0,0,0,0.6,0.4,0.1,0.2,0,1.8,0,0,0,0,0,0,0,0,0,0,0,0,0,0,0,0,0,0,0,0,0,0,0,0,0,0,0,0,0,0,0,0,0,0,0.2,0,0,0,0.2,1.8,1.6,1.2,1.2,0.5,1,NA,NA,4.8,0.4,2.6,0,3.8,0.2,3.4,2.8,0.2,0.2,0,0,0.1,2.7,0.8,0.4,2,0.8,0,1,0.6,0,0,0,0,1.2,0.1,0,0,0,0,0.2,0,0,0,0,0,0,0,0,0,0,0,0,0,0,0,0,0,0,0,0,0,0,0,0,0,0,0,0,0,0,0,0,0,0,0,0,0,0,0,0,0,0,0,0,0,0,0,0,0,1.8,0,2.6,14.8,22.8,5.2,4.2,0.8,9.8,5.8,8,5,5.6,2,0.2,0.2,0.4,1.8,0.6,0,0,0,0,0,2.2,0.2,0.8,0,0,0,0,0,0,NA,5.2,7.6,NA,2.6,4.2,2.4,6.4,1.2,0,1,0.8,NA,5.2,1,0,3,0,0,0,0,0,0,0,0,0,0,0,0,0,0,0,0,0,0,0,0,0,0,2.4,11.2,9.2,2.3,1,1.8,1.5,0,0.2,1.2,NA,16.6,0.6,8,7.6,0.4,0,0,0,3,5.4,10.4,13.6,11.2,14.5,4.2,9.8,3.8,2.7,9.4,8,9.9,1.8,2.6,7,7.6,7.9,10.6,4.4,10.3,14.6,12,10.7,8.8,5.2,9.2,8,17.6,8.8,9.1,6.6,NA,9,10.4,19,3.2,5.5,9.4,7.8,2.4,8.6,2.2,9.4,7.6,13.2,6.2,8.8,9.2,10.2,10.4,17.8,10,3.6,6.2,3.6,13.8,5.4,10.6,5.9,7.4,11.4,13.6,11.2,7.2,4.4,12.8,10.8,4.2,10.8,5.1,6.4,NA,1.6,0,2,0.8,3.2,3.6,3.6,2.2,6.8,3.4,1.4,8,7.2,1.3,6.4,0.5,0,0.5,2.4,0.6,5.4,12.8,5,6.5,0.4,4.6,2,2.6,11.8,16.2,18,13.6,7.6,3.4,10.8,1,6,3.2,3.8,1.8,2.2,2.2,2.4,0.6,0.4,2.8,1.4,1.8,5.6,32.4,4.8,0.1,0,3,3.2,5.8,6.8,1.2,1.8,0,6,2.4,15.4,12.2,14.8,NA,NA,10.6,0.4,0.2,3.2,NA,2.8,1,0,0.2,0,0,0.2,0.8,1.6,NA,0.6,2.6,3.5,0,0,2.4,1,2.6,3.4,10,NA,NA,0,0,0,NA,0,0,3.2,4.8,6.6,2.8,5.2,4.8,1,2.2,3,16.6,8.2,2.8,5.4,4.3,0.8,5.2,5.8,0,0,0.1,0,0,0,0.2,0.2,0.4,0,NA,0,0,0,0,0,1.6,0.2,2.6,1.8,0,8.6,5.4,0.4,0,0,1.8,10.8,9.2,3.1,12,3.2,7.7,17.6,19.2,18.1,15,7.2,7.4,2.6,6.8,3.2,9.4,NA,0.4,4.8,1.4,0.2,NA,2.4,0,2,NA,NA,NA,6.6,21.9,14.2,11.6,NA,18.3,113.2,45.6,53.2,3.6,69,22.4,NA,84.6,69.8,16.1,33.4,39.6,35.7,40.1,16.8,0.2,19.2,36.8,18.7,6.4,19.6,19.8,20,6.8,7.7,7,20,13.8,23,17.8,NA,36.6,19.4,20.4,17.6,9.8,4.8,9,4.6,8,3.8,7.2,9.2,3,2.8,2.4,1.8,1.8,3.1,5.2,3.8,5.2,10.6,0,0.2,1.4,8.4,7.9,5.9,3,4.2,2.3,4.4,14.4,12.4,13.4,7.4,1,2.2,9.2,12.6,6.8,3.6,4.6,2,4.6,9.6,4,1.7,3.9,6,3,4.6,4,5.8,5,4,NA,0,0.4,7.8,0.6,0,0.4,0,0.1,0,0.2,0,0,0,0,0,0,2,0,0,4.6,0,0,0,0,0,0,0.6,0.8,0.2,3.8,3.2,3.4,6,1.2,0.4,0,0,3.4,1.6,0,0,0,0,0,0,0,0,2.4,0.2,0.6,1.2,0.2,0,4.8,4.2,3,5.4,7.2,2.4,0.4,0.2,0.4,0.2,0.6,0.4,0.8,3.4,2.4,2.6,2.8,7,3,0.2,0.8,0.2,0.4,0.2,0.2,1.2,3,6.6,0,0,0,2.6,1.4,NA,13.2,7.2,12.2,2.6,0,0.2,NA,0,8.2,8.4,5.6,3.6,2.8,5.8,0.2,0.2,2.6,3.2,7.2,2.6,2,0,3.2,NA,1,1.2,0.4,0.4,0.4,0.6,2.8,4.6,6.2,7,4,2.8,2,2,1.2,0.4,0.4,3.6,1.2,5.6,NA,0.1,0.2,0.2,1.2,4,5.2,6,1,0,0,0,0,0,0,0,0,0,0,0,0,NA,0,0,0,0,0,0,0,0.2,0,0,8.4,0,0,2.4,1,0,0,0,NA,2.6,1.2,0.7,1.4,0.6
2025-03-02,1,0.6,0.4,0.4,1,0,0,0,0,0,0,0,NA,0,0,0,0,0,0,0,0,0,0,NA,0,0,0,1.3,0.4,0.6,0,0.3,0,0,0,0.2,0,0.2,0.5,0,0.4,0,0.2,0,0,0,0,0,0,0,0,0,0,0,0,0,0,0,0,0.6,0.6,0.4,0,0.8,3,4.2,0.9,0.2,0.8,1,0,0,0,1,0.4,0,0.1,0.1,0.2,0.1,1.6,0.2,0,0,0,NA,0,0,0,0,8.4,0,NA,NA,0,3.6,0,0,0,2.4,0,0.2,2.4,1.8,0,0,0.4,9.2,1.2,1.4,0,NA,0,2,1,0,0,0,0,0.4,0.8,0,1,0.6,1.4,0.2,0,0,0,0,0,0,0,0,0,0,0,0,0,0,0,0,0,0,0,0,0,0,0,0,0,0,0,0,0,0,0.8,0,0,0,0,0,0,0,0,0,0,0,0,0,0,0,0,0,0,0,18.6,5.2,39.2,21.2,17.8,9.6,12.6,10.6,6,4.8,3.2,0.8,2.2,0,0.6,0.8,5.6,0,0.4,2.2,0.4,0.4,5.4,7.6,7.2,3,5.6,3.2,0,0.8,5.1,2.8,0.4,10,4.8,NA,6.4,31.2,0.4,46,2.4,4.4,1.4,1.2,3,2.6,0.8,1.3,3.2,3,1.2,2,1.6,5.6,4,0.6,1,2.2,2.4,1,2,3.4,3.6,9.7,1.8,3.6,1.6,7.2,4.6,9.8,6,11,1.2,0.2,3.5,1.8,1.6,7.7,3.4,6,4.8,NA,0.4,6.4,10.8,7.8,4.6,3.6,0,0.4,16,11.6,8.6,15,9.2,11.5,13.2,11.8,13.9,9.8,13.2,11.8,12.7,6.4,6.6,8.4,7.8,11.6,10.6,9.2,16.6,18,17.6,12.7,11.3,6.2,8.8,9.6,14,10,41.2,14,NA,8,37.4,28.6,11.6,17.5,20,6.8,7.6,30,10.6,24.4,31.6,18.4,25.6,52.2,15.4,21.6,17.7,12.8,13,8.8,9.2,37.8,15.2,31,61.2,12.3,15.2,13.2,15.4,10.2,6.6,10,12,5.4,1.4,14,11.1,11.6,NA,13,3.6,9.8,6,7.8,10.8,15.4,1.2,3.2,3.6,2,0.2,1.6,0.3,4.4,2.5,2,5.8,15.6,16.6,33.2,25.8,19.8,14.1,10.2,19,25.6,26,25.6,13.8,14.2,9.6,5.4,15,7,14,7.2,28,11.6,16.6,16.6,18.4,7.8,11,10,7.6,8.8,10.8,7.6,5.4,0.6,10.8,34,15,24.4,13.6,11,17.2,37.6,60.8,7.8,0,2,4,9.8,NA,NA,1.8,0,0,0,NA,0,0.2,0,0,0,0.2,2.8,2.6,2.4,NA,6.6,8.6,9.7,0,0.6,0.3,4.6,13,6.2,25.6,NA,0,0,0,0,NA,0,0,2.6,9.4,13.2,3,5.4,7.5,9,7,1,20.1,24.8,6.4,10.4,0.6,1,1,2,6,10.2,25.5,2.8,2.2,2.3,9.1,7.6,5.4,0.6,4.4,5.2,17.6,0,0,0,9.2,0.2,14.8,15.4,19.2,43.8,10.6,3.8,3.2,1,6.6,0,0,0,0.4,0.8,7.9,9,10.2,2.3,2.2,2,0.8,0.6,1,1.2,0.2,NA,1.4,0.4,0.4,0,NA,4.8,0,0,NA,NA,NA,5.6,11.2,0,0,NA,10.8,17.6,14.2,NA,9.2,60.4,8.8,NA,18,1.8,18.3,47,12.8,1.8,1.5,4.6,7,10,56.4,19.4,3.2,30.4,38,101,11.4,14.7,17.6,51.8,32.2,11.8,15.4,NA,35.6,111,53.8,35.8,12,13.6,1.8,7.6,0.8,2.8,12.6,1.8,0.4,0,0.1,0,0.2,0.4,50.6,9.6,2.4,112,6.8,5.6,1.2,1,0.5,2.4,4.8,2.2,4.1,6.6,46.8,36.4,60,30.6,3.8,13.5,25.4,10,0.2,6,2.2,18.2,10.8,5.6,1.5,0,1.5,20,6,0.2,3.8,23,11.4,7.8,4.8,6.8,7.2,11.6,0.6,0,0.4,1.4,0.3,0,0.6,0,0.8,8.2,0.5,0.8,0.4,9.6,3.6,3.4,4.6,1,7.2,11,6.1,2,14.8,10,0.4,1,0.6,0.2,0.6,0.4,0.4,0.2,0.8,3.4,1.6,2.4,1.4,0.2,1.3,1.2,1,1,0.4,1.8,18.8,1.4,2.6,5.8,3,2.4,1.2,10.6,20.8,13.2,2.8,6.4,3,4.4,13.2,5,1.6,1.6,2.4,0.8,0.8,0.4,0,0.4,0.4,1.2,0,1.2,4,0.2,0.2,2.4,11.4,15.4,NA,0.6,0,0.8,0,NA,1.6,0,0,0,0,0.2,NA,0,0,0.2,0.2,0.2,0,0.2,0,0,0,0.2,2.8,1.4,1.6,0,0,NA,0.2,0.2,0,0.6,0,0,0,0,0.2,0.2,0.4,0,0,0.6,6.6,6.6,0.4,2.4,1.4,0.2,NA,0,0,0,9.8,8.3,10.6,0.6,1.5,0,0,0,1.3,0,0,0,0.8,2.2,0,0.2,0,NA,0,1,0,2.8,0,0.8,1.2,0.4,0,0.2,4.6,0,0,2.8,0.6,0.4,2,0.8,1.6,0.2,0,0.1,0.6,0
2025-03-03,1.2,0,0,0.8,0.4,0,0,0,2.4,0,4.8,2.4,NA,0.2,0.6,0.6,0.1,1.2,0.8,2.1,0,2.8,5.2,NA,15.4,4.4,0.8,5.7,11.2,3.8,3.7,3.8,9.6,9.8,18.2,34.4,3.1,1.8,9.9,0.4,11.4,5,7,0.8,0.8,5,2.2,0,2.2,3.8,5.1,5.4,0.2,0.4,1.1,2.8,1.6,1.4,1.2,3.6,2.6,1.8,1.6,4.2,2.6,2,1.5,1.2,1,2.4,1.6,0.4,1.4,5.2,2,0.4,1.8,1.8,1,0.4,0,0,0,0,0,0,0,0,0,0,0,0,NA,NA,0,0,0,0,0,0,0,0,0,0,0,0,0,0.4,0,0,0,0,0.2,0,0,0,0,0,0,0,0,0,0,0,0,0,0,0,0,0,0,0,0,0,0,0,0,0,0,0,0,0,0,0,0,0,0,0,0,0,0,0,0,0,0,0,0.2,0,NA,0,0,0,0,0,0,0,0,0,0,0,0,0,0.2,0,0.2,0,7.2,25.2,12.2,6.6,5.8,3.4,3.6,2.2,1.4,1,0.6,0.2,3,18.2,4.6,6,3,5.8,6.2,2,0.2,0.4,1.2,2.6,2,0.8,1.6,1,6.4,2.6,2.8,3.8,0.8,4.6,4.8,NA,0.8,61,5.6,53.6,1.2,10,0.8,1,0.4,0,0.4,0.4,0.4,0,1.8,0.2,0,0,0.4,0,0.2,0,0.6,0,0,0.2,0.8,2.7,0.4,0,0.2,0.2,0.4,0.2,0.4,2.2,0,0.4,0.7,0.5,0.6,0.3,0.2,1.4,3,NA,3.8,3.6,8,2.8,3.8,0.4,0,0.2,3.2,2.8,1.4,0.4,1.4,2.3,3,63.8,8.2,19.1,5.8,7.4,5.8,3.6,1.8,3,3.6,2,1,10.3,19.7,37,14.3,29.5,17.4,6.4,3.6,2.8,14.8,2.8,45.9,24.2,NA,15.6,22.8,17.8,10,13.3,21.2,11.4,10,14.4,13.7,14.8,19,9.2,16,32.2,6.4,8.4,10.7,8.4,5.2,6.4,3.8,9.8,10,12.8,44.2,5.6,7.4,5.6,9.8,6,2.6,3.8,4.6,3.6,0,1.2,0.1,0,3.2,2.4,1.2,4.4,3.6,0,0.2,0.4,0,0.2,11.2,4,0,0,0.8,2.6,8.7,0.6,23.7,6,8.6,20,15.4,14.2,9.8,3.8,15.2,15.6,17.8,11,12.4,11.6,16.4,18,9,6.4,8,11.2,4.6,3.6,6.2,2.4,2.2,3.4,9.8,11.2,27.2,10.2,6.2,7.4,2.4,0.2,2.3,12.6,1,2.6,8.4,9.4,4.2,1,0.4,1.2,0,8.6,13.2,9.2,NA,NA,4,0,2.8,0,NA,0.2,0,0.2,0.2,0,5.2,0.8,0.2,2.2,NA,2,7.4,3.7,0,0.8,9.1,1.8,2.8,11.4,19.6,NA,NA,0,1.8,0.8,NA,0,0,27.6,8.4,0,0.2,2.8,9.5,13.2,18,14,22.5,15.8,13.2,17.8,10.4,15.4,14.2,21,21.2,24.8,0.1,39.6,2.8,3.1,0,0,0,0,71.1,0,0,0,0,0,13,0,0.2,1.8,1,1.2,1.8,0.6,0.2,0.2,1.4,0,0,0,0,1.2,43.5,4.2,0,0,0,0,0,0,0,0,0,NA,0.2,0,0,0.6,NA,4.6,0,0,NA,NA,NA,5,0.6,0,0,NA,1.3,0,1.2,0.4,27.8,0,0,NA,0,0,NA,0,0,0,0,12.4,9,13,16.4,0.6,0,6.6,2.8,11,0,0.1,0,0,0,8.4,1.4,NA,1.8,0.2,0.2,0.1,0,0,0,0,0,0.4,0.8,0,0,0,0,0,0,0.5,6,3,0.6,7.4,0.8,1.6,8.8,8.4,1.6,9.9,2.4,0.4,3.3,10.8,5.6,4.2,11.4,42.4,5.8,10.2,11.6,7,10,8.4,8.2,14.2,57,5.5,5.2,1.9,5.2,91.6,5.8,14.8,61.6,45.8,67,144.4,6.4,7,25.2,81.6,0.4,1.3,1.2,1.6,1.1,0.2,0.2,0.4,2.8,15.4,2.6,2.8,3.7,10,3.6,4.4,1.8,0.4,5.6,4.8,6.5,12.8,33.2,3.4,0.8,1.8,7.8,1.2,1.8,4.8,0.6,2.6,0.6,3.4,2.4,3.4,9.2,0,1.8,6,2,2.2,6.4,11.4,4.8,14.6,12,10.2,12.6,17,14.2,8.8,2.8,4.8,6.4,4.2,4.6,6,5,9.4,15.4,18,8.6,7.2,4.4,4.4,3.4,2.2,4.8,22.4,17.6,19.2,14.4,28.6,25.6,56.4,82.2,80.5,NA,39.6,20.8,4.6,0,NA,0,0.4,0,0,0,0.2,NA,0,0.4,0.2,0,0.2,0,0.2,0.2,0,0.2,NA,0.6,0,0,0.4,3.4,NA,0.4,3,1,0.2,0.8,0,2.4,8,5.8,3.6,6,3.8,0,0.4,63.4,35.4,2,0,3,1.2,NA,0,0,0.6,3.2,0.2,0,0.2,0,0,0,0,0.3,0,0,0,0.2,0,0,0,0,NA,0,0,0,0,0,0,0,0,0,0,0,0,0,0,0,0,0,0.2,0,0,0,0,0,0
2025-03-04,0,0,0,0,0,0,0,0,0,0,0,0,0,0,0,0,0,0,0,0,0,0,0,NA,0.2,0,0,0,0,0.2,0,0,0.2,0,0,0.2,NA,0,0.1,0,0,0,0.2,0,0,0,NA,0,0,0,0,0,0,0,0,0,0,0,0,0,0,0,0.1,0,0,0.2,0.1,0,0,0.2,0.4,0,0,0,0,0,0.2,0.2,0.4,NA,0,0,0.2,0,0,0,0,0,0,0,0.5,4.8,NA,NA,1.4,1,2.8,1.2,0.2,0.6,2.6,3.8,2.4,4.4,4.7,4.3,1.3,12.7,1.8,10.2,0.2,2.6,0.8,1.6,2.6,0,0,4.2,0.8,1.8,1,1,1,0.4,1,0,0.2,0,0,0,0,0,0,0,0,0,0,0,0.4,0,0,0,0,0,0,0,0,0,0,0,0,0,0,0,0,0,6.4,4.6,9.6,10.2,3.2,0,0,0,0.4,0,0,0,0,0,0,0,0,0,0,0,0,0.2,0.6,0.4,0,1,0.6,1,15.4,3.4,2.8,6.2,5.8,22.2,1.8,0.2,6.4,1.2,1.6,0.8,1,0,0.6,0,0,0,0.6,0,6.6,1.2,0.1,0.2,2.4,0.6,0.4,NA,0,18.4,NA,12.6,0,5,0.4,1.2,0,0,0.2,3.9,0,0,1.8,7.8,5.4,0.6,0,7.4,5.8,21.8,8.8,2.8,5.8,6.4,9.8,17.8,9.2,0.2,0.2,0,0.8,0,0,0.6,1,0,0,0,0,0,0,0,8.8,NA,7.6,1.2,3.4,3.2,0.8,0,0,0,0,0.6,7.2,0,0.4,0.3,16.2,22,12.6,20,6.8,5.4,3.6,4.6,17,20.2,9.4,14.8,1.6,24,3,3.2,2.1,2.6,0,10,0,0,2.2,1.4,11.2,2.6,NA,4.8,4.4,11.4,5.6,8.2,9.2,2.6,5,10.2,3.9,1.6,2.4,1,4,8.8,0.4,0.2,0.5,2.4,0.2,0.8,1.4,0.6,0,5,10.8,2.3,0.2,2.4,7.2,2.2,2.2,7,4.2,3.4,0,0.2,0,0,1,1,0,0.2,0,0,0,0,0.2,0,0,2.6,0,0,0,0.2,0,10.6,1.4,2.8,5,0.8,0,0.2,1.1,0,0.4,9,0.6,0.2,3.8,0.2,3,3.2,15,2.6,24.4,24.2,5.8,1.8,3.8,3,6.8,14.2,3.2,18.6,12.6,8.8,8.2,0,1.8,14.6,6.4,5.8,1,2.2,1.6,5.8,2.4,3.8,4.8,1,0,1.2,0.2,4,NA,NA,0.8,0,0,0,0.4,0,0.8,0.8,0,0,0,8.4,0,0,NA,0,0,0,0,0,0,0,0,0,0.8,NA,NA,0,0,0,NA,0.5,0.2,0,1.8,1.8,0,0,0.3,1,2.4,3,7.9,6.8,5.6,5.4,0,0.2,0,0.3,2.2,3.6,6.6,1,2,1.3,0,0,0,3,0.1,0.1,0.6,0.4,2.2,1.2,0.2,0.2,0,0.4,0,2.2,1.8,1.4,0,0.4,1.2,0.2,0.2,0,0.4,3.2,0.3,0,0,0,0,0,0,0,0,0,0,NA,0,0,0,0,NA,0.6,0,1,NA,NA,NA,7,3.8,0.1,1.2,NA,0.3,0.8,1.8,1.7,1.8,3.6,0.4,NA,0.2,0,4.4,NA,0.2,0.2,0.4,11,2,8.6,12.4,NA,0.2,14.8,3.2,19.8,0.4,1.5,0,0.8,0.6,13.6,1.4,6,10.6,2.8,5.6,5.1,0,0.8,0.2,0,0,0.2,11.4,0.6,0,0,0,NA,0.2,0,0.6,0.2,4.6,7.8,0,0.4,2.2,0,0.1,0.1,18.4,2.4,22.9,0,38.4,55.8,33.2,9,4.8,1.3,13.6,0,0,0.2,0.2,0.6,1.6,3.2,2.2,NA,2.2,6.8,6.2,0,3.2,10.2,2.6,4.6,0.4,1.6,2.2,3.6,0,1.9,0,0.4,0,0,0,0,0,0,0,0,0,0,0,0,0.2,0,0,0,0,0,0.2,0,0.6,2,0,0,0,0,0,0,0,0,0,0,0,0,0,0,0,0,0,0,0,0,0,0,0,0,0,0,0,0.2,0.2,0.2,NA,0,0,0,NA,0,0.2,1.6,2.8,2,0,0,0,0,0.2,0.4,1.8,0,0.2,0.4,1.8,3,NA,0,0,0,0,NA,0,0,0,0,0,NA,NA,0,0,0,0,0,0,0,0.2,0.2,0,0,0,0,0,0.2,0,NA,3.8,4.4,0,0.8,0,0,0,0,NA,0,0,0,0,0,0,0.2,0,0,0,0,NA,0,0,0,0,5.6,0,0,0,0,0,0,1.3,0,0,0,0,0,0,0,0,NA,0,0,0,0.2,0.2,0,0,0,0,0.4,1.2,0,0.2,0,0,0,0,0,0,0,0.2,0,0,0
2025-03-05,0.2,0.8,0,0.8,0,0,0,0,0,0,0,0,0,0,0,0,0,0,0,0,0,0,0,NA,0,0,0,NA,0,0,0,0,0,0,0,0,0,0,0,0,0,0,0,0,0,0,NA,0,0,0,0,0,0,0,0,0,0,0,0,0,0,0,0,0,0.2,0,0,0,0,0,0,0,0,0,0,0,0,0,0,NA,0,0,0,0,0,0,0,0,0,0,0,0.6,NA,NA,0,0,0,0,0,0,0,0,0,NA,0,0,0.1,4.3,0.2,0.6,0.2,0,0,0,0,0,0.4,0.6,0,0,0,0,0,0.2,0,0,1.9,0.2,0.2,0.3,0.5,1.8,8,7.8,1.6,2.1,12.4,9.6,0.8,1.8,1.2,3,3.8,5.4,3.4,7.6,8,5.8,7.6,6.6,7.2,7.4,0,0,0,0,0.4,0,NA,0.6,0,1.4,2.6,0,1.6,1.8,4.4,3.1,4,1.8,6.4,5.6,7.8,4.8,2,0,4.6,7.8,5,4.2,1.4,3.2,0.8,1.2,3,0.8,0,0,0.2,28.4,0.6,0.2,1.8,0.6,0.2,0,0.2,0,0.2,2.8,0.2,0,0,0.8,1.2,0.6,0.2,0.6,NA,3.4,1.4,NA,0,29.8,NA,39.8,0,6.4,0,0.2,0.8,0,0,0,0.2,0.2,0.2,1,0,0,0,1,0.6,1.6,8.1,3.4,9.8,5.8,3.6,5.6,4.6,0.4,2.2,0,1.6,0.2,0,1.8,0,1.8,0.3,0.9,0.2,0,0,0.4,0.2,NA,0,0.6,6.2,2.8,2.6,0.4,3,9.4,0.6,4,4.2,0,2.8,1.2,4,28.2,7.8,10.5,7.2,6.2,3.3,2,3.4,3.2,0.6,1.2,2.2,8.2,6.3,10.2,4.4,7.7,5,2.8,3.2,0.6,0.4,3.2,27.9,6.4,NA,4.2,38.4,16,5.2,9.8,5.4,4,1.2,3,7.7,4.6,4,5,2.2,5,2.4,1.6,0.8,3,2.2,5.8,0.2,3.2,0.8,9.6,17.4,0.2,1.6,5.4,13.4,1.2,4,5,1.4,17.4,1.2,3.8,0.2,0,1.4,12.8,0.4,3.4,3,0.8,1.2,2,0,0.2,2.4,0.4,0.4,1,0.1,9.4,4.6,2.8,3,2.4,2.4,4.2,3.2,7.8,13.2,7,3.2,2,2.4,1.2,1.2,5,5.8,5.8,5.2,6.6,5.2,4.2,33.8,23.2,5.4,19,20.2,15.2,9.2,11,8.4,5.4,14.8,3,15.2,3,7,16.8,15,13.2,9.4,5.4,25.6,16.6,19.6,9.8,1.4,16.4,10.6,13,NA,NA,16.2,1.4,0.2,1.7,0.8,0.4,0.4,0.6,3,1,2.4,1,5,6.6,NA,7.8,15.6,16.2,0.2,4.4,9,4.2,12.4,5.6,9.6,NA,0.6,NA,0.4,2.6,NA,NA,2,16,10,8.2,3.8,4.4,3.1,10.4,4.8,9,NA,11,11.6,8,9.9,9.6,6,4.8,19.4,22.4,22.1,15.4,22.6,16,13.8,9.2,31.2,11,11.5,6.7,5.2,8.2,11.4,9.8,1.8,16.8,17.2,26.8,24.8,37.2,16.4,11.6,28.6,11,21.4,14.2,7.2,2.3,1.4,6,14.9,1,1.6,1,1.5,1.6,2.8,3.2,6.2,4.4,5,NA,6.4,3,0.8,4.2,NA,26,0.2,0.4,NA,NA,NA,29.8,73.5,1.1,1,5,63.7,17.4,23.8,13.3,11.4,42,8,NA,47.4,9.6,33.5,NA,17.8,20.1,20.9,15,5.6,10.4,99.8,38.6,7.6,97,75.4,102,30.8,29.5,52.8,53.4,50.2,41.4,66.6,59.3,46.6,39.6,32,63.9,29.8,33.2,24.2,19.2,17.6,19,18.8,5.8,5.8,6.4,3.3,1.6,2.2,0.2,32,0.4,8.4,31.4,0.2,4.2,37.2,24.6,18.6,41.3,22.2,29.8,17.9,5.6,72.8,44.8,29.8,27.6,8.6,1.9,33.6,11.2,0,6.4,0.2,0.6,2.2,9.7,7.4,NA,7.3,18,6.4,0,30,33,14,4,3,1.8,2.2,24.4,0.2,0,0.4,1.2,1.6,0,0.2,0,0.8,0,0.2,0.3,0,2,0.4,0.8,0.2,0.4,4.2,3,0.9,0.8,2.4,3,0,0,0.2,0,0,0,0,0,0,1.2,0,0.2,0,0,0,0,0,0,0,0,4.4,1.6,0.4,1.8,1,0.6,0.4,3.4,1,1,1.4,1.2,NA,1.4,2,2,0,0,1.8,0.2,0,0.4,0,0,0,0,0,0.6,0.4,0,0,0,6.4,9.8,NA,0,0,0,0,NA,0,0,0,0.4,0,NA,NA,0,0.4,0,0,2.6,0,0.2,0,0.2,0.4,0.2,0,0,0,0,0.2,NA,0,0,0.2,0,1.2,0,0,0.6,0.8,0.2,0,0,0,0,1.8,13,0,0,0.2,0.2,NA,0,0,0,2.8,1.7,0,0,0,0,0,0,0.8,0,0,0,0,0.2,0,0,0,NA,0,0,0,0,0,0,0,0,0,0.2,0.4,0,0.2,0,0,0,0,0,0,1.6,0,0,0,0
2025-03-06,7.4,5.7,0.8,8.4,21.8,5,8.8,10,0.8,1.8,1.6,7.8,1.7,1.6,1.6,1.8,1.7,14.8,10,6,13,0.6,2.4,NA,14.4,1.8,0.4,0.8,17.4,6.2,3,2.1,2.8,3.5,17,12,3.2,0.8,5.2,0,17.6,0.6,21.2,3.1,3,10,NA,0,0,0,NA,NA,0,0,0,0,0,0,0,0.2,0.1,0.2,0,1,1.8,3.2,0.3,0.2,0,0.8,0,0,0,0,0,0,0,0,0,0,0,0,0,0,0,0,0,1,0,0,0.6,9,NA,NA,1.6,0,1,5.6,0,NA,0.4,2.8,1.6,1.6,0.6,1.4,2.2,13.3,0.6,5,0,1,3.8,2.8,2.8,4,5,4.4,2,8.2,6.4,3.6,5,0.2,1.8,0.3,1.7,3.8,1.8,1.6,1.7,3.4,5.6,3.6,6.2,4.1,4,4.2,11.4,7.6,8.8,NA,7.2,14.5,0.4,8.2,6.4,12.2,12.5,12.4,9,11,4.6,4.2,6.6,4,4.6,3.4,2.8,5,2,2.8,4,8.6,5.4,7,8.6,8.2,4.6,7.8,3.4,7,11.2,9.4,6.4,0,19,29,11,9.4,6.6,11.2,5.6,6.4,3.8,4.8,3.8,4,5.2,34.6,0.2,1.6,8,1,20.6,3,8.2,1,1.4,3.2,4.8,0.8,2.4,0.4,15.4,9.2,2.1,4.4,0.2,0.4,3,NA,0.2,65,5.4,19.2,0.6,1.6,0,0.4,1.6,0,0.8,0.1,0,0.8,10.2,2.8,0,1,2.2,21,5.6,18.2,3.8,3.6,7.4,1.4,1,2,1.2,0,8.4,4.8,2.4,0.6,4.2,0,0,0,0,0,0.2,1.7,1,1.8,NA,NA,0,3.4,8.4,2.4,1.4,2.2,10.6,12,1.2,3.6,11.8,0.6,1.4,2.3,11,26.4,13,21.9,12.6,16.2,11.1,10,4.2,2.4,1.2,2.4,2.8,13.9,14.4,11.2,16.1,7.5,8.2,2.2,1.6,3.8,15,1,65.2,27.8,NA,0,14.4,0.4,19.6,4,16,1,1,0.6,1.9,1,2.2,3.4,1.6,9.6,1,0.2,0.6,0.8,1.4,3.6,8.6,6.2,5.8,4.4,17,13.8,4.8,4.2,28.4,7,9.4,1.2,6.4,5.2,0,3.6,6.3,10.6,5.6,9.4,0.8,5.8,3,0.4,2,0.4,0,4,0,1,2.4,0.4,2.2,0,0,4,0,0,0,0,4.6,0.8,4.1,0,0.2,0,6.6,2.2,0.2,0.2,0,0,0,0,0.2,0,NA,0.4,0,0,0,0,0,0,0,0,0,0,0,0,0.2,0.2,0.2,0.2,0.2,0.2,0.2,0,1.4,2.6,4.6,1.4,1,8.4,NA,NA,4.6,4.2,6.6,0.2,NA,0.6,0,9.6,4.6,4.6,7.4,4.4,0.2,3.8,NA,0,0,0,1.6,3.6,0,0,1,0.2,1.6,NA,0.4,NA,0.6,0.4,NA,0,2.9,13,2.8,7,0.4,0,0.1,0,0,0,NA,0,0,0,0.5,0,1.2,0.1,0,0,0,4.2,0,0,10.6,1,1.6,7,20.2,0,0,1.6,0,0,0,9,4.4,6.2,1,7,0,12,0.6,9.2,29.2,14.4,7.2,1.3,0.4,3,0.9,0,8.4,0.1,0,0,0.2,0.2,0,0,2.6,NA,5.4,15,3,32.6,NA,29.2,6.8,30.8,NA,NA,NA,12.6,5.5,2.4,1.4,6.2,1,3,9.8,9.7,0.4,1.1,1.6,NA,9.4,0.6,0.9,0.2,1.8,0,0,40,1.2,20.2,96,13.2,0,92.4,12.4,46.8,0.8,1.7,1,4.8,1,33.8,56.2,55.1,20.2,25.4,5.2,6.9,0,0,3,0,0,2.6,13,0,0.2,0,0,0,0,0.9,2,1.6,33.6,21.4,0,1.2,15.6,27,4,23.1,9.4,2.6,7.5,0.2,29.2,25.6,12.2,16.6,0.2,2.2,0.2,0.2,0,1.2,0,0,0.2,NA,NA,NA,0,1,0.4,0.2,2.8,13.4,20.6,3.6,0.4,0,3.2,30,3,18.6,0,0.2,0.2,1,0.2,0,0.2,5.8,0.6,0.6,0.3,6,0,0,4,0,0.8,0.2,0.4,5.8,29.6,7.6,0,0,0,0,0,0.2,0,0.4,0,0.8,0.2,0.2,2.8,0,0,0.6,0,0,1.6,2.6,16,8,0.2,6,3.4,3.8,0,9.4,3.6,2.4,0,0.2,NA,0.2,3.2,2.4,0,0,0.8,0,0,0,0.4,0,0,0,0,1.4,0.2,0.4,0.2,0,7.8,15.6,NA,0,0.2,1.4,0,NA,0.2,0,0.2,0,0,NA,NA,2,0.4,0.4,0,0.4,1.6,0.2,2,0,0.2,0.8,2.2,0.2,0,0.2,0,NA,0.3,0.2,0.6,0.8,0,0,0,0.2,NA,0,0,0,0.2,0.4,4.8,12.6,0.6,2.6,6.2,9.4,NA,0,0,0,3.4,16,0,0,0,0,0.1,0.6,1.5,1.4,1.8,0.6,3,1.2,1.2,0,1,NA,6.4,9,7.8,12.8,11,2.4,3,2.6,2,2.8,0,3.4,3.2,14.2,4.4,22.4,7,13.4,22.1,0.6,1.6,NA,0,0
2025-03-07,15,2.7,2.8,1.2,26.2,10.8,4.6,6.4,17,11.2,18.8,30,11.3,12,10.2,10.2,12.5,31,38.3,20.2,16.4,31,14.2,NA,82.8,16.8,16.8,12.3,32.4,34.6,28.9,22.1,25,20.9,60.8,67.2,23.6,19,40.2,5.2,51.8,4,53.2,4.6,4.6,12.8,NA,0.6,0,0.2,0,0,0.4,2,0,1,2,0.8,1.4,0.2,0.2,0,0,0,0.2,0,0,0,0,0,0,0.2,0,0,0,0,0.2,0,0,0,0,0,0.2,0,0,0,0,3.8,2.4,0.6,0,8,NA,NA,0,3,2.4,11.6,0.8,NA,0.8,0.8,0.2,0,0,0,NA,26.8,4.6,14,0.4,0,1.6,6.6,0,0,6.8,13.8,1.8,0,0.1,1,0.2,3.8,1.4,0.3,1.7,3,3.4,3.5,5.1,4.2,10.8,7.2,5,8.7,12,8.4,6,5.2,NA,8.6,8.6,10.8,7.6,11.2,12.8,8.8,11.3,9.8,12,11.2,4.2,4,7.2,3.2,16.4,2.2,1.6,5.8,4.6,11.8,11.4,5.8,2.4,5.4,11.4,8.4,6.2,10.2,11.6,6,11.8,10.4,18.2,0.6,13.2,9.6,3.6,3.8,1.2,4,2.8,2.8,2.6,2.8,0.8,3.6,3,38.8,4.6,4.6,4.4,2,8,7.8,1,1,6.4,10.8,7.8,4.2,6.2,3,18.8,0.2,3,3.4,1,17.2,8.2,NA,0.6,49.6,6.4,32.2,4.6,9.4,0.8,0.2,0.2,0,0.8,0,0.2,1.2,2,1.4,0.2,NA,2.6,34.2,7.4,31.2,7.8,1.6,17.4,8.8,9.2,7.8,10.4,2.4,15,12.8,3.8,3.2,2.6,12.4,3,1.6,1,2.7,2.2,3.6,2,4,NA,NA,29.2,12.2,47,25.2,11,5.2,13.2,15.4,1.4,10.6,9.4,6.4,16.6,4.6,16.2,26,33.4,28.6,18,11.8,16.3,5.8,5.4,7.2,8,9.4,8.4,15.4,13.5,11.4,21.9,7.3,11.4,6,11,5.6,5.6,1,52.6,17.6,5.6,11,36,20.2,21,25.1,22.4,13.2,1.2,10.8,18.1,9.2,12.2,4,1.8,22.4,9,3.2,7.8,11.2,8,23.6,11.4,38.6,14.4,29,26.6,10.3,11.8,21.2,24.2,15.8,27.4,19,15.6,38.8,12,17.2,10.6,11.2,3.4,19.4,14.2,20.4,8.6,7.2,9.6,19.2,0,1.4,2,2.6,5.6,1.4,2.8,9.2,1.8,1.2,1.9,9,5.6,18.2,5.2,5.6,2.8,0.8,2.8,11.8,6,6,4.6,7.4,27.4,13.8,6.4,7,16,7.8,12,19.6,14.6,18,21,26.2,19.4,13.8,44.6,22,15.6,12.2,30.2,14,25.3,22.2,41.6,54.6,39.2,28.1,52.6,63.4,48.4,7.2,3.4,0,0.4,0,NA,NA,1,4,0.6,7.1,NA,4,7.4,4.2,7,6.8,2.2,NA,2,7.4,NA,3,12,5.9,3,4.2,6.6,1.6,11.4,4.2,7,NA,0.1,0.1,0,0,NA,0.5,1.6,10,4.6,2,1.2,4,5.3,10.6,4,10.6,27.8,18,30,43.4,13.4,15.2,15.6,9,29.6,20.2,30.5,13,30.6,20,8.2,3,8.4,10.2,24.8,12.5,16.6,8.6,4.9,4.8,2.2,11.4,13.4,20.2,14.4,15.4,16.2,14.8,11.4,20.8,30.8,22,16,12.2,18.6,27.8,19,25.2,26.2,25.6,47,17.6,8.8,4.2,2,0.6,2,NA,2.8,0.4,0,3.2,NA,2.8,0,0.2,NA,NA,NA,2.4,1.5,0,0,16.2,5,18,1.6,9.6,9.8,0.6,2,NA,2.4,0,NA,1.2,0,0.1,0.1,0.6,1.6,2,7.6,4,0,3.4,5,2.6,1.2,2,0.8,4.4,0.2,1.6,12.6,8.3,12.6,5.4,1.2,0.6,0.4,1,1,0.6,0.4,0.2,1.2,0.4,2.6,0.6,NA,0.6,0.2,0.3,0,0,0.8,0,6.6,10.2,13.6,0.2,3.1,0.2,0,0,0.2,14.8,0.4,0.4,0.2,0,0.8,0,0.2,4.8,0.6,15.6,2.4,2.6,0.2,0.2,0.4,0.1,0.3,3,2.4,3.6,4.2,4.6,10,2.8,2,3,4.2,11.8,9.1,17.7,1.8,2.8,1.5,0.2,2.6,0,0.6,5.2,NA,NA,2,12.4,0.4,0.8,4.2,0.4,0,0.6,1.1,0.4,1,6.6,1.2,7.2,7,2,4.8,5.2,4.2,3,2.6,4.6,2,1.2,7,2.4,0,3,11.2,2.2,4.8,5.4,7.2,2.4,1,2.4,1.6,0.8,4.6,3.8,8.8,0.6,1.2,0.6,NA,1,0.2,0,1.6,1.4,0,19.2,16.8,14.4,3.8,2.4,1.4,1.2,0,0,0,0,0.2,0.2,1.6,4.8,NA,0,0.6,41,8,NA,17.8,7.6,3.6,1.4,2.8,NA,NA,16.2,3.6,2,0.4,1,1.2,0.4,6,3,1.8,0.4,1.8,1.2,NA,2.4,3,NA,10.2,22.8,5.2,0.6,3.6,1.4,1.2,0.4,1.8,2,0.8,0.6,0.6,0.4,0.4,9.4,0.8,3.8,5.6,6.2,NA,0.9,0,1.6,0.2,22.4,1.6,5.4,4,0,2.2,16.2,11,37,44.2,3,9.2,1.6,0,0,0,NA,4.8,2.4,0,0.8,0.8,5.8,1,2,17.4,18.8,2.2,2.5,2.2,1.4,1,8.4,5.4,8.4,22,0,0,0,0,0
2025-03-08,32.4,14.6,1.8,14.8,30,19.2,25.6,33,38.2,28.2,30.6,41.4,25.5,25.8,33.9,33.6,31,36.2,40,20.8,33.4,37,23.2,NA,65.8,17,12.4,19.4,80.2,60.4,34.3,30.4,32.5,29.8,114.8,84.8,23.2,28,43.5,10.2,67.6,14.4,108.2,13.7,10.2,14,NA,8.4,8.8,5.8,4.8,4.9,6.4,7.4,6.4,10.4,9.2,8.4,6.8,12.6,9.5,12.4,7.1,27.8,21.2,15.2,10.6,8,10.8,12.4,4.3,4.4,31.8,17,11.2,7.2,2.7,13.8,5.2,2.7,0.4,0,0.2,0.2,0,NA,2.6,9.2,3.4,1.2,0.5,17.8,NA,NA,7.6,15.4,26.6,16,3,NA,5,1,1,NA,0.1,0,0.1,32.1,8.8,22.6,4.8,2.8,0.8,9.8,0.2,0,7.6,13.8,1.6,0.6,0.1,0.4,0,1.4,1.8,2.8,11.8,3.8,13.6,15.4,14.1,25.2,54,51.8,7,12.3,46.6,25.6,7.6,8.8,21.2,12.2,17.8,18.9,18.4,26,17,20.8,23,14.6,21,23.8,1.6,1.8,3.4,0.8,21.4,4.8,3,8.6,5.2,13.4,20.2,11.4,2.6,3.8,16.2,8,8,10.2,10.6,14,18.8,8.4,12.2,1,NA,25.6,22.8,20.8,14.2,27.2,15.2,6,14.6,3.8,0.4,6.2,3.2,44.6,0.2,0.8,18,0,11.6,10.4,5.2,2.4,1.8,20.4,13.6,14.2,4,3.8,20,5.8,2.3,2.2,2.6,31.4,24.2,NA,4,56.6,7,63.2,0.6,4.8,0.8,1,4.8,2.2,1.8,1.6,4.8,3.8,6.6,3,3.2,4.4,7,14.8,10,29.2,10.9,8,21.6,8.2,9.6,17.4,8.4,5.8,23.8,13.4,8.6,7.4,7.4,24.8,13.6,9.6,8.7,9.9,NA,8.7,8,14.8,NA,NA,53.8,21.2,37.8,23.6,15.2,10.4,22,14.2,8.2,17.4,18,15.6,4.4,5.4,33.2,48.8,39.4,44.1,17.8,18.2,16.2,29.6,31.2,30.8,15.4,25.1,8.4,24.2,17.9,18.8,13.8,13.9,9.3,30.8,8,5.8,10.2,3.2,53.5,30.4,33.4,34.8,83,21.8,26.6,13.4,12.4,8.2,0.8,31.2,16,24,29.8,13.6,22.4,54.2,17.4,18.4,23.9,14.6,13,46.4,21.2,53.4,14.6,56.2,52.8,15.5,13.2,29.2,36.4,12,10.8,16.2,17.2,9.2,10.6,18.2,17.3,7.6,4.8,19.8,14.8,15.4,10.6,12.4,30.8,14.8,0,16.8,12.8,6.2,11,13.2,24.6,15.6,11.9,8.2,13.5,17.4,14.4,31.4,20.4,17.4,19.7,8,8.8,12.8,5.6,8.2,7.4,16.6,19.2,10.4,7.8,12.2,14.2,6.8,11.2,20,14.4,13.8,9,2.4,18.4,23.8,14.4,8,14,5.2,13.2,3,7.6,7.8,6,5.8,2.2,3.4,8,5.6,12,22.2,14.8,0.2,4,2.8,NA,NA,13.6,15,8.2,18.9,14.2,21.6,31.8,21.6,25.8,22.6,23.4,18.4,21,34.6,NA,24,28.2,14.9,15.8,19.8,32.2,19.2,34,16.2,16,NA,5.9,7.2,6,5.4,NA,4.7,15.8,25.8,21.4,27.6,19,24.4,20,28.6,21.6,18.8,31,16.8,15.2,9.8,26,22,20.6,16.1,16.4,8.6,16.4,18.2,16.8,10.5,55.2,NA,31.6,36,13.4,19.2,19.8,NA,30.6,26.2,15.4,19.8,39.2,40.2,25.8,35.4,33.2,26,23.8,31.6,27,20,22.2,25.7,26,36.4,22.4,24.8,40.8,22.6,26,19.4,16.8,15.2,15,NA,32.6,NA,21.2,27.4,16.4,36.6,NA,20.4,0.2,3.4,NA,NA,NA,18,5.4,5.2,3.2,2,10,2,0.8,1.2,25.2,3.7,2.4,NA,0.6,0,2.4,2.2,0.8,0.4,0.6,5,9.4,3.8,5,6.7,0.8,2.4,2.8,1.2,1.8,1.6,2.8,1.4,3.4,5,0.6,1.4,3.2,1.4,2.4,2.8,2,3.2,1,2.8,2,2,1.6,1.4,1.8,1.4,1.4,2,2.2,0.6,0.6,4.2,2.4,1.2,18.2,18.4,18,10.4,4.8,9.2,1.8,1.6,1.6,17.6,1,2,0.8,1.2,14.6,1,0.8,15.8,9.2,29,13,18.2,8,0.4,0.4,0.6,0.4,14.2,1.6,23.8,16.4,29.6,57.4,23.2,6.2,9,7.8,83.2,7.4,16.3,6.4,3.4,4.3,6.2,4.8,12.8,9.4,28.4,17.1,16.9,2.4,30.6,15,22.6,19.4,11.4,27,17.6,8.4,15.4,28,15.4,20.8,39,33.2,36,36.6,31,31,25.2,16.2,36.4,30.8,26.2,35.6,24.6,23.4,25.4,22.6,22.8,22.8,14.8,11.4,19.6,16.2,14.4,17.4,27.4,31.8,13.6,8.2,4.2,11.4,14,12.8,11.2,8.6,11.6,12.2,23,13,44.2,49.4,48.8,40.8,38,25.4,19,20.2,9.8,8,NA,7.6,10.8,24.4,35.2,11.6,10.6,21,84.6,37.2,NA,78,27.8,13,6,30.8,NA,NA,55.2,30.4,49,13.2,45.2,25.4,17.2,41.6,47.8,36.4,31.2,19,33,27.8,32.8,43.8,NA,38.2,77.8,43.8,1.6,35.2,40.2,32.2,21.8,30.2,31.6,18.8,23.8,32,29.8,14.2,55.6,29.2,39.2,16.6,23.4,NA,26.4,18.2,19.4,11.2,2.3,0.8,0.6,0.3,0.8,0.8,0.8,2.9,0.4,1.2,0.6,1.2,0.8,0.4,0.4,NA,NA,0,0.4,0,0.2,0.2,0,0.2,1,0.8,0.6,2.4,0.6,0.6,0.6,1,0,0.4,0.4,0,2.8,3,1.6,3,2.8
2025-03-09,0,0,0,0,0.6,0,0,NA,4.6,4.6,1.8,4.2,6,5.6,2.9,3.2,3.1,1,NA,0,0,0.2,0,NA,0.6,0.4,1,0.9,3.8,7.2,4.7,3.8,3.4,2.7,1,4,1.1,0.8,6.9,0.4,2,1.4,2,1.8,4.8,2.2,12.2,0,0,0,0,0,0,0,0,0.4,0.2,0,0,2,3.5,2.6,0.5,0.2,0,0,0,0,0,0,0,0,0.2,0,0.4,0,0,0,0,0,0,0,0,0,0,0,0,0,0,0,0,0,NA,NA,0,0,0,0,0,NA,0,0,0,NA,0,0,0,0.6,0,0,0,0,0,0,0,0,0,0,0,0,0,0,0,0,0,0.1,1.1,0,NA,0.1,0.1,3.4,5.6,10.4,1.8,0.9,10,2.6,1.6,1.8,2.4,0,3.4,1.6,3.7,9.2,1.2,1.2,1,3,4.5,1.2,0,0.2,0.4,0,0.4,0,0,0,0,0.6,0.6,0.8,0,1.2,0.8,1.4,0.6,1.6,2.2,4.2,2.8,0.7,1.6,0,NA,0.4,1.4,NA,0,0.2,2.4,0.4,0.8,1.2,0.4,0,0.2,0,0,0,0,0.4,1,0.2,0.6,0.2,0,1.2,3,1.4,0.2,0.4,4.2,1.6,0,0,0,0,NA,NA,1,17.6,1,0.6,0.4,11,2.6,9.6,9.4,2.4,2.8,0.9,0,0,0.2,0.8,5.6,0.2,0.8,2.6,0.2,0,0.6,2.2,0.6,0,0,0.7,1,0.6,3.2,0,1.8,0,0,5.2,0.8,0,0,0,0,0,0.4,0,NA,NA,4.8,0.4,12.4,8.2,1.4,0.4,2.6,2.4,1.4,5.2,9,2.2,4.6,8.1,12.2,1.8,2.9,7.5,3.4,6.2,3.9,1,1.8,5.8,5.2,3.8,1.6,5,3.1,4.8,3.6,3.1,4.4,6.2,5.6,1.2,2.4,2.4,8.5,4,22.1,3.6,29.6,9.6,1.6,3.2,4.2,9.8,0.4,7.2,13.1,11.4,17.4,8.4,10.4,38.6,3.4,3.6,5.5,4,9.2,20.6,8,12.4,5.8,7.2,35,8.3,3.6,12,19.8,4.8,10,2.8,2,2.2,6.4,4.8,1.8,0.2,1.4,11.8,4,0,1.8,1.4,4.8,3,0,1.4,1.4,1.4,4.8,2.4,2.9,2.4,5.2,2,4.2,12,5.4,16.6,4,3,2.6,2,1.4,18,3.8,5.2,2.6,1.8,4.4,1.4,1,11,1.6,2.2,4.4,4.2,10.6,6.2,8.4,1.2,2.6,7.2,6.4,5.6,5,5.4,8.6,2.4,9.2,12,9.6,4,5.4,0.6,5.2,14.6,13.6,21.6,6.2,0.4,5.4,1.2,NA,NA,1.6,10,2.4,9.4,NA,7.8,17.4,7.8,13.6,18.4,12.6,1.4,5.4,17.2,NA,2.2,7.4,10.9,8.8,7.4,8.4,9.8,5,6.4,3.2,NA,10,11.3,17.2,10,NA,10.9,16.1,11.2,13.4,12.6,15.8,12,8.7,8.8,9,5.6,12.2,7.6,7.8,7.4,10.1,10.2,10.6,17.5,19,25.8,13.9,41,22.2,37.1,89.6,NA,31.4,39.2,46.9,20.4,36,NA,24.9,28.2,19,22.2,30,53,53.2,48,52,52.2,52.6,NA,49.2,55.6,56.2,47.9,71.6,18.2,17.9,22.6,49.8,63.8,65.4,34.8,61.6,45.6,39.2,NA,38.2,NA,30.8,42.8,31.8,20,NA,19.4,0.2,9.8,NA,NA,NA,26,2.3,2.2,1.2,1,2.1,0,0,0,13.2,0,0,NA,0,0.2,0,0,0,0,0,1.6,0,1.2,1.8,1.9,0.4,0,2,1,2.4,0.2,0.8,2.4,0,0.4,5,0.6,0.8,0.2,0.2,NA,0.6,0,0,0,0,2.4,0.2,0.2,0,0,0,0,1.2,0.5,0,0,0,0.4,7.4,4.4,2.4,3.8,3.4,2.9,0.8,3.2,3.8,10.4,1.4,0,0.8,1,1.8,1,0,0.6,0.2,1.4,0.6,NA,0.4,0.1,0.8,0.2,0.8,0.6,0,0.4,0.4,0,0,0,NA,0,0,10.4,0,2.2,0,0,0,0.2,0,0,0,1.2,0.8,1.8,0,1,5.8,1.8,2.8,0,0,0,0,0.6,0.2,0,9.4,22.4,0.4,0,0,0,0.2,0,0,0.2,0,0,0,0,0,0,0,0,0.2,0,1,0,0,0,0,0.4,0,0.6,0,2.4,0.2,0.2,0.8,0.4,0.4,0,0,0,0.6,8.6,10.2,0.6,0.2,0,0.4,0,1.8,0,0,NA,0,0,0.6,0,0,4.8,4.8,7.4,4.8,NA,7.4,4.6,2.2,2,2.4,NA,NA,4.4,4.4,2.2,3,1.2,0.4,5.2,3.8,3,0.4,10.2,0.2,0,0,25,0.4,NA,5.2,2,1,10.8,12.6,0.4,0.6,0.6,0.4,0,2.6,0.4,0.6,8.4,0,0.2,0,0.6,0,3.4,NA,0.1,0.2,0,0.2,16.7,2.6,6.8,1.9,6.4,8.3,11,19.3,1,6.2,15.8,17.6,13.6,19,20.4,NA,NA,8.2,5.6,8.4,5.8,3.8,14.4,12,15.6,8.4,6.4,11.2,5,4.8,5.4,7,6.6,9.4,3.4,5,3.4,2.5,0.9,9,1
2025-03-10,8.2,1.2,1.8,0.4,0.6,0,0,0.2,8,3.8,4,2.2,1.8,1.8,0.6,0.6,0.6,1.2,NA,0,0,2.8,1.6,NA,5.4,0,0,6.4,2.8,4,4.8,4.5,5,4.5,2.6,2.4,1.8,2.2,8.2,5.2,0.4,0.4,0,0.3,0.2,0,4.2,0.2,1,2,2.2,2.2,0.2,0.2,1.3,0.6,0.2,0.4,1.2,0.6,0.7,2.2,1.8,1.2,1.6,2.4,1.6,2.6,4,1,1.2,1.8,0.6,1.6,1.8,4.4,4.7,3.4,3.2,1.1,2.6,0.4,6.6,0,1.7,0.6,3,0.8,5.2,4.2,2.7,1.4,NA,NA,0.4,0.6,0.8,2.4,0.6,NA,0.4,2.8,0.6,NA,2,1.2,1.5,6.9,0,2.2,1,NA,0.6,0.4,0.8,1.2,2,3.2,0.4,2.6,2.2,1.4,2.2,10.2,3.2,0,1.4,1.4,4.2,4.2,2.7,0.6,4,6.6,2.6,4.6,7.6,5.2,8.2,9.4,4.2,1.4,1.6,6.3,7.5,7.4,1.6,1.8,6.1,0.4,5.3,5.8,2,5,4.8,0.2,4.8,0.6,0.2,4.2,0.2,7.8,6.4,2,4.6,3,9.4,12.8,4.8,4,2.6,4.6,4.6,5.8,5.2,6.8,12.8,9,4.4,NA,0.8,2.2,5.2,1.8,1,3.2,2.6,2.6,4.6,3.8,2.6,7.2,2,6.6,8.8,7.6,9.4,4,4.4,6.2,3,2.8,2.4,1.6,2.6,7.4,5.8,6,9.2,16.2,5.4,NA,2.2,28.6,2.2,17.4,3.8,2.6,5.4,6.2,5,0,10.8,9.1,7,7,8.8,6.2,6,6.6,11.2,10.6,14.2,8,10.5,5.2,10,0.8,13.4,14.2,7.6,7.2,24.4,7.8,7.6,7,6.4,31,15,9.2,6.5,8,NA,11.4,6.4,7.6,NA,NA,24.2,13.8,54,25.2,20,11.2,11.4,10.2,1.2,6.8,9.8,7.2,5.2,8.5,21.6,12.8,20.3,21.1,18,8.2,16.3,6.8,7.6,10,12.8,9.4,11.4,28.2,23.8,26.8,23.5,22.6,21.3,12.6,7,9,6.4,7,24.4,27.4,25.4,16.2,92.4,37.8,29.4,26.2,23.8,34.4,28.4,30.6,43.9,62.8,76.6,37.4,40.6,106.8,33.8,28,15,24.6,18.6,64.4,36,55.2,38.6,52,84.4,38.6,45,61,70.2,44,34,21.4,21.6,27,7.2,7.6,8.2,11,6.2,12.8,7.8,1.4,6.8,9.4,10.8,9,0,7.6,10.8,14.2,18,21.4,24.8,17.2,14.6,17.8,8.7,20,13.6,37.2,12,18.4,25.1,14.8,3.4,18.2,19.6,19.6,11.2,5.2,12.4,7,18.8,21.6,7,8.8,19.6,23.4,26.2,17.4,24.4,4.8,14.8,7.2,28,8.2,10,11.4,9.4,4.4,12.8,8,35.6,7,10.4,5,9.2,25.8,10,16.6,11.8,2.8,5.6,1.4,NA,NA,0,20,13.6,29.3,NA,25.2,80.2,23,40.6,40,52.2,13.2,18.4,75.6,NA,17,47.2,61.7,11.4,9.6,18.1,29.4,23.8,52.4,19.2,NA,3.2,2.9,13,5.2,NA,7.4,14.4,9.6,16.4,24,22.6,34.6,21.3,54,32,22,13.6,12.8,15.2,33.8,33.6,NA,24.8,18.3,17.4,20.6,10.3,35.6,15,11.6,102.6,NA,31.8,21.2,15,7.1,8.4,NA,4.9,7.2,15.2,21.2,25.2,40,12.8,56,25,22,17.2,NA,12.4,14.4,17.6,18.5,18.2,15.8,15.4,12.8,11.8,7.5,8,4.8,7.6,24.2,16.8,NA,15.6,NA,25.4,12.6,10.4,14.2,NA,13,0.2,3.2,NA,NA,NA,29,1.7,3.2,0.2,1.8,0.6,0,0,0,10,0,0,NA,0,0,0,0,0,0,0,3.2,1.4,5,3,1.7,0,1,1,0.8,0,0,0,0,0,1.2,0,0,0,0,0,0,0,0,0,0,0,0.2,0,0,0,0,0,0,0,0.3,0,0,0,0.4,9.2,8.8,13.2,3.2,3.8,2,0.6,2,2.5,7.8,0,0,0,0,5.4,0,0.4,1.6,1.2,9,5,NA,2.2,0.7,0.4,0.3,0.4,2.8,0.4,3.2,0.4,2.4,2.2,1,0.4,0.8,0.2,0.2,5.1,0.5,7.8,6.2,6.4,4.4,5.4,3.6,1.2,5.4,0.5,0.4,0.9,4.2,0.4,1.2,2.4,0,1.2,0.2,1.4,4,13.2,0.2,8,8,4.8,5.4,3,9,4.8,6.8,6,12.8,2.6,4,7.2,3,3.3,6.4,1.6,4,8.4,2.4,3,3.4,1,0.6,0.6,1.2,1.8,1,3.4,0.2,NA,0.6,NA,0.8,0.4,0.6,1.6,1.4,0.8,11,13.2,14.4,9.2,3.2,1.2,0.4,2.2,0.6,0,NA,0,0,0,0.4,0,0.2,2,1.6,1.8,NA,6.4,4.4,3.8,3.8,1.4,NA,NA,6.2,4.2,4.4,NA,3,4,3,3.6,7.4,8.8,2.8,3,2,3.2,8,7,NA,4,7.6,11,3.4,16.8,4.8,2.2,1.4,3.2,5.4,1.8,1.8,3,2.4,0,0,3.6,4,1.8,0.4,NA,0,0,0.4,0.4,23.4,12.8,8.8,6.2,11.2,5,13,13.1,0.4,4.9,7.6,13.8,6.8,18.8,7.8,NA,NA,5.4,4.6,4.7,13.4,8,6.2,6.8,3.4,6.6,9.6,13.8,10.2,9.4,9.2,9,5,7.8,3.8,6.2,13.4,11.5,0.3,2.4,3.4
2025-03-11,3.4,3.3,2.6,3,8.8,0,0.4,0.3,0.2,2.4,8.2,1.7,4,3.8,4.8,4.6,13,0.4,0.1,0,0,1.6,0,NA,2.6,6.8,5.6,2.8,1.6,1,3.8,1.8,1.5,3.6,8.2,7.4,6.6,9.4,4.7,1.2,2.2,1.2,0.8,1,1,3.2,0.2,23,26,29.4,10.8,11.1,33.2,62.2,30,7.2,9.2,7.4,15.8,10.8,13.3,11.2,13.2,17.2,16.2,16.4,15.1,13,12.2,9.6,11.9,14.2,17.6,20,16.6,5,8.7,11.4,8,5.5,15.4,6.6,20.6,4.8,4.2,3.8,5.6,10,9.2,5,0.4,4.8,NA,NA,2.4,4.6,6.2,8.2,2.4,0.6,1.2,0.4,0.2,NA,0,0,NA,7.3,5.6,3.2,8.4,NA,6,3.2,2.4,0,0.2,4.4,2.2,15.4,0.6,28.4,3.2,2.2,0,0.3,0,0.2,0,0,0,0,0,0,1.6,NA,0,0,2.4,1.2,0.4,0.4,0.2,0,0,0,0,0,0,0,0,0,10,5.2,0.8,2.2,0.2,2.4,0.2,0,1.2,0,0,0,0,NA,0,0,0,0,0,0,0,0.1,0.2,5.2,3.2,3.4,1.4,2.6,1.2,4.4,1.2,4.2,5.8,2.4,5,3.2,2.2,12.8,5.6,4,2.4,1.8,0,0.2,NA,0,1.4,2.4,4.8,6.8,2.2,0.2,7.2,2.4,1.4,1.6,1.8,7.2,12.8,NA,4.8,28.6,7.8,11.6,1.2,11.6,1.6,0.6,9.4,0.2,1.4,4.1,1.8,0.6,2.4,1.8,2.4,2.6,1.8,1.8,2.2,4.6,0.2,0.6,2.8,0,1.6,2.5,1.6,0,0,0.8,2,1.2,1.6,6.8,10.8,13,3.5,6.6,6.4,7.1,6,6.4,NA,NA,5,9.4,3.6,1.2,1,0.4,0,0,2.8,8.4,7,5,8.2,8,10.6,8.4,6.9,8,11.8,2.6,4.9,6,7,12.2,12,17.1,6.6,8.1,5.8,12.2,7.5,5.5,12.8,9.4,4.2,3,5.2,4.6,9.3,9.8,15.6,16,17.8,10,8.2,13.3,9.8,9.2,3.4,13.6,12.8,8,9.8,NA,12.4,13.2,2.4,8.4,4.4,4.2,6.6,10.6,3.2,6.4,5.2,14.6,14.2,5.4,1.8,6.8,7.2,4.2,1.8,1,3.2,1,6,9.2,4.5,6.8,4.4,12.2,3.4,16.6,8.8,8.8,6.2,5.8,31.2,8.8,2.6,7.8,3,1.6,15,19.4,9.7,7.8,8.3,14.2,12.2,25.4,2,1.2,1,3.8,1.6,20.6,4,4.2,7.4,6.6,0.6,3.8,1.6,3.4,3.2,3,2,1.6,0.4,1,0.8,0.6,4,7.6,5.8,1.6,7.8,9.8,3.8,0,0.8,0,11,0,2.2,1.2,NA,0.8,0.6,7.8,6.6,3.2,5.6,7.2,NA,NA,2.2,3.8,2.8,31.5,NA,17.4,41.2,9,17.6,6.8,4.8,NA,10.6,6.8,6.6,2.6,5,6.9,12.6,7.6,7.7,6.4,0,6.8,0.2,NA,13.7,10.3,NA,11.4,NA,12.4,8.6,4.4,0.8,3.4,2,16.8,5.4,11.4,3.8,0.4,4.5,6.2,3,7.6,7.6,NA,0.2,4.8,0.4,0.2,2.2,10.2,0,1,15.6,NA,1.8,1.4,0.1,0.6,0.6,2.8,0.3,0.4,0.4,1.2,5,4.2,1.8,11,7.4,0,5.6,3.2,1.8,1.4,0,0.2,1.6,2.2,0.9,4,3,3.7,1.2,1.2,1.4,1.2,1.6,NA,2.8,NA,6.4,20.8,28.2,37.8,NA,3.2,4.4,1,NA,1.4,NA,10,1.3,2.1,2.8,0,0.3,0,0,0,4,0,0,NA,0.2,0,0.1,0,0,0,0,9.6,6.6,15.2,7,1.3,0,1.6,2,0.2,1.2,5.1,0.4,0.8,3.8,2.6,1.2,0.1,0,0.2,0.6,1.4,0.8,0.4,2.2,1,2.4,1.2,1.4,9.2,1.6,8.6,5.8,26.6,1.8,3.3,1.4,0.4,6,1,12.2,14.6,5.2,0.6,1.6,0.8,1.2,1.8,2.1,9.6,0.4,0.2,0,0.2,7,0.6,0,1.8,1,9.8,1.8,NA,2.2,0.2,2.2,0.8,2.1,2.8,2,2.8,3.6,2.6,0.4,0.8,2.2,3,0,6.6,0.9,5.2,2.4,0.2,0.9,1.8,0,1,1.4,2.8,1.6,1.5,5.5,14.8,1.2,4.8,13.8,2.6,2,1.6,0.7,5.8,2.4,4.2,5.2,5,4.6,3.2,2.8,1,7.8,15,18.2,7.4,5.8,6.2,7.6,19.6,22.8,12.2,8.8,7.6,15.2,3.2,1.2,0.6,12.8,6,20.6,1,9.8,1.8,1.2,4,NA,0.8,3.8,2.8,5.2,4.4,3.4,4.2,5.4,4,1.6,2,3.6,9.6,3.8,6.6,5,0.8,0.4,3.4,0.4,2.4,1.2,0,3.2,11.2,1.6,1.6,0,NA,0.6,2.8,0,0,0,NA,NA,3.2,2,0.6,NA,4,12.8,0.2,2.4,2.4,2,0.3,15,3.6,9.6,3.6,1.2,NA,4.3,3.8,2.8,9.6,5,10.4,0.2,12.8,5.8,8,7.2,1.4,1.8,0.4,6,6.6,6.4,8.2,3.8,3.8,NA,2.3,2.2,20.8,1.4,2,0,0,0,0,0,0,1.8,0,NA,0,0.2,0.2,1.4,0.4,NA,NA,0,0,0,0,0,0,0,0,0,0.2,0.4,0,0,1.6,0.8,0,0,0.4,NA,1,3.9,0.8,1,0
2025-03-12,0,0,0,0,0,0,0,0.1,1,2.6,2.4,5,NA,0,0,0,0,0,0.4,0.4,0.2,0.2,0.2,NA,11,2.8,3.6,6.6,12.6,4.2,6.5,0.1,3.4,NA,0,4.2,1.9,3.6,0.4,4,8.2,12,15.8,9,9,20.8,24.2,9.4,13.4,9.2,10.9,10.2,11.6,13.6,9.7,1.8,1.2,1,3.4,3.2,2.5,4.2,6.8,3.8,2.2,4.4,3.5,5.4,4.6,6.4,5.2,0.8,2.8,5.8,4.4,4.2,2.6,4.7,6.4,7.4,14,10.4,17.2,14.7,14.7,8.4,7.6,8.2,4.8,16.8,13,2.2,NA,NA,1,9.2,7.8,3.6,8.4,8.6,7.8,12,7.6,NA,9.3,3.6,7.1,10.1,7.8,4.2,7.2,NA,2.8,5.4,6.2,5.8,1.8,4.8,2,11,7.6,9.2,5.8,4,9.8,13.4,0.4,1.8,2.2,1.9,3.1,2.6,0,0,0.8,0.4,0.2,0,1.8,0.2,0.6,0.2,3.4,1.6,0,0,0,0,0,0,0,0,3.4,2.6,1.2,2.6,1.4,2,0.2,0.2,0,0.2,1,0.4,0,0,0,0,0,0,0,0,0,0,0.6,18.2,6.4,3.8,0.6,1,0,0,0,0.4,0,0,0,0,0,5.8,0,0,1.6,0,0,0,NA,5,0,1.2,0.4,1,0,3.6,0,0.8,0,0,0,0,NA,NA,0,0.8,0,0.6,0,9.2,0,0,0,0,0,0,0,0,0,0,0.6,0,0,0.2,0,2.6,0,0,0.2,0,0,0.3,0,0,0.2,0,0,0,0,0,0,0,NA,0,0,0,0,0,NA,NA,6.8,0,0.2,0.6,0,0,0,0,0.2,0,0,0,0,0,0,0.4,0.2,5.5,0,0.6,NA,0,0.2,0,0,NA,0.2,0,0,0.2,0,0,0,1.2,0,0,0.4,NA,0.6,0.2,1.7,0.6,0.2,0,0,0,0,NA,0.2,1,0,0,0,0.4,0.4,0,0.6,0.4,0.1,1,1.6,0.2,0,0.6,1.2,0.2,0.2,0.7,2.2,0.6,1.8,3.4,0.6,1.6,0.6,0,0.2,0,0.8,0.6,1.6,0,0,0,0.8,0.2,2.4,1,0,0,0,0.2,0.6,0,7.4,3.4,1.8,0.2,2.1,2,1.6,2,4.6,3.6,3,1.2,0.8,1.4,2.2,1,0.6,11.8,11.4,12.6,0.8,0.6,16.8,6.2,1.6,0,0.4,1.4,7.6,0.6,10,5.6,10.6,7,8.8,2,7.2,2.8,10.2,6,8.6,5.4,6.4,10.2,NA,16.8,8.6,21.2,0.4,0.6,0.2,0,NA,NA,3.8,0.8,2.6,2.4,NA,3.4,3.4,4.6,3.8,3.2,6,1.4,9.8,10.2,3.4,6.6,9.6,7.9,5.8,6.4,5.5,6,4.8,6.6,5.2,NA,11.4,9,13,9.4,NA,6.9,12.7,6.2,6.6,9.8,7,5.2,7.7,11.8,14.4,14,5.6,6.6,2,14.8,18.7,NA,22.4,4.3,19,16.4,11,25.4,38.6,11.7,47.5,NA,29.4,29.8,42.6,3.6,4.2,9.2,18.7,7,6.6,21,19,23.2,12.6,27.6,38.4,19.6,28.2,26.2,24,34.6,32.8,32,20.6,11.4,10.1,16,26.8,20.1,21,15.8,16.2,18.8,NA,NA,15.2,NA,19.2,20.8,20.6,16.6,NA,8.2,1.4,3.8,NA,2.4,NA,5.2,2.5,0.2,0.6,0,3,0,0,0,10.6,0,0.6,0.7,0.8,0.2,NA,0,0,0,0,0,0,0.4,0,0,0,0,0,0,0,0,0,0,0,0,0,0,0,0,0.2,0,0,0,0,0,0,0.2,0,0,0.2,0.2,0,0,0,0,0,0,0,0,0.2,0,1.2,0.2,0.3,0,0,0.2,0,0,0,0,0,0,0,0,0,0,NA,0,0,NA,0,0,0,0,0,0,0,0,0,0,0,0,0,0,0,0,0.1,0.2,0.2,0,0,15.2,0,0.2,7.2,2.2,0.1,0.3,4.1,4.4,11.6,9.4,5,9.2,11.6,0.4,9.9,8.2,4.4,3.4,1.2,4.2,5.4,3.8,3,5.8,1.2,1.6,7.8,3.2,5.4,4.4,8.4,4.8,0.9,3.8,1.8,2.4,2.2,6.2,2,2.2,1.8,2.6,1.6,0.2,0,1.2,0,4.4,0,0.2,NA,1.8,0,0.8,0.8,0.4,0.4,2.8,1.2,2.6,3.6,0,0.4,0,0,0.6,0,0,0.2,0,0,0,0.6,0,0,4.6,3.6,NA,4,4.4,0,0,1.6,NA,NA,5.4,0.6,0.4,0,0.4,0,0,2.4,3.8,0,0,0,0,0.2,1.2,2,NA,1.7,3,2.4,3.2,7,2.4,0,0,0,0,0,0.2,0,0,0,0,0,0,0,0.2,NA,1.5,4.8,6.4,0,0.9,0,0,0,0,0,0,0.1,0,0,0,0,0,0.2,0,NA,0,0,0,0,0,0,0,0,0,0,0,0.2,0,0,0,1.2,0,0,0,0,0,0,0,0,0
2025-03-13,66,15.1,10,13.4,16.2,10.6,11,8.7,17.8,15.6,13,13.2,13.9,13.8,13.1,11.8,19.5,8.8,7.4,6,6.4,7.8,3.8,NA,34.8,3.6,2.6,6.2,8.2,7.6,8.5,6.8,14.4,9.4,11,17,12.9,9.4,6.4,5.2,7.8,2.6,4.6,0.8,1,3.2,0.4,2.8,4.8,4.4,3.8,4,8.6,15.8,7.6,2,3.2,6,6.6,3.8,3.5,7.4,4.6,4.6,3.6,5.8,7.8,4,7.4,4,10,3.2,4.8,3.2,4.4,17,7.6,7,18.4,3.6,7.8,11.6,5.6,4.2,3.7,0.2,4.2,11.4,6.6,7.2,13.3,3.6,NA,NA,10.2,5.8,9.6,0.2,7.2,NA,8,8.8,3.8,3.8,2.8,4,5.2,6.1,9.8,3.2,10.2,NA,2.6,2.4,7.6,3.8,0,0.2,0,7.2,3.3,3.6,1.4,1.4,2.6,0,0.2,2.8,0.4,0.3,0.1,0.4,1.8,0,0,0,0,0,0,2,0.2,0,0.2,NA,0,0,0,0,0,0,0,0,NA,0,0,0,0,0,0,0.2,0,0.6,0,0.2,0,0,0,0,0,0,0,0,0,0,0,11,1.6,2.6,0.4,1,3.4,2.4,0.4,5.2,2.6,4.2,0.4,3.6,5,6.2,0,0,3.6,0,0,0,NA,0,1,3.2,0,0.2,0,1.2,0,0,0,0.2,0,13.2,24.8,NA,1.6,10,1.2,5.2,2.8,11.8,0.2,0,1.6,1.8,0.8,0,1,0,0,0,0,0.4,0,0,0,2,0,0.4,0.2,0,0,0,0,0,0.2,0,0,0,0,10.8,0.4,0.2,0,0,0.2,2.1,1.2,1.2,NA,NA,5.8,0,12.8,8.4,0.8,0,0,NA,7,11.2,3.8,12.6,6.8,3.9,8.4,12,3.3,5.2,7.6,0.6,2.9,1,4.4,10.2,5.8,6.8,4,3.2,25.1,12.4,4.7,3.5,8.7,NA,5.2,4.8,7.2,7.6,2.2,3.8,10.8,5.6,2.6,9.6,2.8,NA,15,4.6,1.6,8.6,3.5,1.4,0.4,1.6,2,5.8,14.4,9,23.3,7,6.8,6.2,6.2,8.4,4.4,8,6.4,3.3,4,3.4,7.4,9.2,3.4,9.4,7.2,15.4,20,13,6.2,9.4,4.2,15.6,10,0,14.2,17.2,10.4,10.8,21.4,20.8,30,21.4,21,19.6,23.2,15.6,4.7,19,11.6,3.2,13.8,8.2,26.6,19.6,17.9,12.4,31.4,8.4,13.4,10,10.2,15.4,15.8,22.4,2.4,3.4,19.6,14.8,6.8,9.2,2,11.4,10,0,31.4,10.6,12.6,24,21.4,7.6,15.8,12.2,4.6,3.4,15.6,9.4,6.6,11.2,NA,7.6,5.8,18.4,31.4,11,26.2,10.6,NA,NA,12,15.2,31.4,24.6,NA,24,72.6,33,27,25.2,28.6,19.8,31.8,52,47.2,25,44.4,23.9,27.6,25.6,33.3,28.2,18.2,24.4,22,NA,19.2,16.1,26.4,18.4,NA,18,18.2,11.8,22.4,27.8,20,19.4,16.7,26.8,33.4,29.8,20.2,22.2,17.2,12.8,12.4,NA,12.2,39.1,15.8,36,13.5,9,10.8,5.5,91.2,29.2,36.4,19.2,20.1,12.6,17.4,NA,9.1,2.2,21.2,27.8,25.8,41.6,31.5,49,40.6,24.8,16.6,17.8,24.4,18.4,7,14.7,24,12.6,19.4,9.8,21.2,15.7,17.2,18,72.4,NA,NA,NA,16.4,NA,23,14.4,19.6,18,NA,30,4.6,5.8,NA,5.4,NA,33.8,9.7,5.4,4,1.2,9.7,1.2,0.8,1.7,11.4,5.4,3,4.1,4.8,7,5.8,3.4,1.8,1.4,2,10.8,8.8,14.2,6.8,6.1,0,2,3.4,3.4,2.6,4.1,3,4.4,7.6,6.2,3.6,4.1,3.2,2.4,3,5.1,3.6,3.4,5.2,2.8,5.4,3.2,3,3.4,1.8,2,12,3,5.2,6.4,1.4,0.2,2,1.4,1.8,7.8,8.2,4.6,6.7,7.6,4.6,8,6.5,7.8,4.8,3.2,4,3.4,6.2,2.9,9,6.8,8.4,6.4,6.6,NA,8,10.2,5.8,5.3,5.9,8.6,6.6,4.4,6.4,3.4,6.4,5.8,3.8,3,1.2,9.6,1.2,0.2,0.4,0,0.1,0.4,0.8,0.8,0.2,0.8,1.4,1.5,0.5,6,0.4,0.6,1.8,1.2,0.4,0.8,1.2,1.4,0,3,2.2,0.8,0.2,0,0.8,0,0.2,0.4,1,1.6,0,0.2,0,0.2,0,0.2,NA,0,2.4,1.4,3.2,0,0.2,1.8,1.6,0.4,0.4,4.6,2.6,3.2,6.8,10,3.4,3.4,1.4,4,0.8,1,1.6,0.6,0.8,0.6,0,0,2.4,1.8,3.4,4.6,9.6,6.2,11.4,11,5.8,4.4,8.4,10.2,11.6,14.8,7.8,NA,13.2,14.6,12.6,6.4,1.4,NA,NA,7.6,10.8,12.6,13.4,16.8,16.6,7.8,5,12.4,12,13,20,15.6,14.4,1,4,NA,3.4,0.4,0.2,2.2,2.6,9.6,5.4,2.6,0.8,0,1.4,7.6,10.6,15.8,13.8,20.2,20.8,18.8,26.4,12.8,NA,4.2,5.8,4.6,1.6,30.6,17.8,15.8,17.1,18,11.4,19.6,32.1,NA,20,21.2,11.2,13.2,16,12.8,5.8,18.8,10.2,7.4,8.5,9,12,16.6,9.8,9.4,11.8,11.2,31.2,12,11.6,20.2,23,17.2,5.6,12.2,18.4,12.6,10.6,14.7,13.8,2.4
2025-03-14,6.4,6.4,5.8,7.6,7.6,10.2,15.4,12.3,18,13,12,14.6,11.2,11.6,15.8,15,8.8,13.8,15.1,10.8,12,10.8,9.4,NA,13.4,7,8.2,3.2,7,8.2,11.8,7.8,9.7,10.4,8,9,6.1,4.4,5.4,2,5,2.6,0.6,0.6,0.6,1.2,1,2,2.4,4.2,3.3,3.3,4.4,1,2.6,1.4,2,3,4.2,1.2,1.4,4.2,9.4,7.2,3.4,5.4,2.6,1.4,10.4,9.2,11.9,5.2,11,4.6,6.6,8.2,3.9,12.8,6.4,14.9,9.2,6,7.6,9.1,5.1,12,4.8,6.8,8.2,8.8,25.2,1.6,NA,NA,5.2,15.2,4.2,2,5,NA,1.8,3.8,6,5.6,1,8.9,3.8,3.5,2,1.2,1.8,NA,2.4,0.2,4.6,5.4,0,0.2,0,1,2.6,3,2,4.6,0.6,1.5,0.4,0.2,1.2,1.7,0.7,0.4,0.2,0,0,0,0,0,0.2,0.2,0.2,0.4,0,0,0.1,0,0,0,0,0,0,0,0.2,0,0,0,0,0,0,0,0,0,0,0,0,0,0,0,0,0,0,0,0,0,0,5.8,0,0.2,0,0,0,0,0,0,1.2,0,0,0.2,0,0,0,0,0,0,0,0,0,0,0,0,0,0,0,0,0,0,0,0,0,0,0,NA,0,0.4,0,0.2,0,2.4,0,0,0,0,0,0,0,0,0,0,0,0,0,0,0,0.4,0,0,1,0,0,0,0,0,0,0,0,0,0,0,0,0,0,0,0,0,0,0,NA,NA,0,0,0,0,0,0,0,0,0.2,3.2,0,1.4,0,0.1,0,1.4,0,0,0,0.8,0,0,0.6,0,0.2,0,0,0,0.1,0,0,0,0,0,0.2,0.6,0,NA,0,0,0.8,0.4,0,0,0,0,0,0.2,0.2,0.2,0,0,0,0,0,0.2,0,0,0,NA,0,0,0,0,0,0,0,0,0,0,0,0,0,0,0,0,3.8,0.8,2.2,0.6,0.4,3.4,1.2,0.8,0.2,1.6,2,1.4,3.6,0.2,2.2,0.8,6.6,4,13.3,0,0.1,2.6,0,0.2,1.2,0.2,4.2,4.8,11,3.8,2,0.4,0.2,0.2,0.2,2.2,3,1,0.4,0,3,1,0,0.2,0,0,0,0,0.2,0.2,0,1.2,0.2,0,0.4,0.2,0,2.6,0.4,0,0.2,0,0.8,1,0.2,15,16,3.8,3.2,1.2,NA,NA,1.4,17.6,17.2,25.7,16,11,12.4,11.2,13.8,13.4,NA,3,12.4,7.2,8.6,6,6.4,6.9,8.8,4.6,7.4,9.8,6.2,9,2.6,NA,5.9,5.7,9.2,5.4,NA,3.8,9.2,4.6,3.2,4.2,7.8,8,2.6,6,9.4,2.4,2.1,7.4,1.2,1.4,6.8,6.2,10.2,14.2,0.4,0.4,1,1,1.6,1,6.2,12.6,0.6,7.8,0.6,5.3,3,2.4,2.4,4.2,4.4,9.6,6,2.6,1.4,2.6,0.2,2.4,0.2,1.2,4,1.2,0,0.1,1.4,4.2,4.3,1.2,0.6,0.5,0.6,0.4,1.8,10.2,NA,NA,15.6,NA,11.4,7.6,3.2,6,NA,5,0,0.2,NA,0.8,NA,10.2,2.6,1,1.8,0.8,1.4,0.8,2.2,4,5.4,0.9,2.6,1.4,1.6,3.8,4.6,3.2,6.6,10.4,10.3,1.8,0.2,2,4,6.1,2,6,7.6,2.4,6.2,8.5,5.4,7,11.2,3.6,2,0.6,0.4,3.4,9,6.5,6.8,19.2,5.6,13.4,16,8.6,11.8,5.6,13.2,18.6,22.6,13.4,10,59.8,22.6,20.6,9.4,14.2,1.2,3.8,2.4,13.2,12.7,9.5,17.4,17,10.4,1.6,17.2,12.4,14,12,11.8,17,14.4,4.4,1.6,2,1.6,NA,11.6,8.9,6,5.3,5.9,11.2,5.2,0.6,9.4,4.8,7.6,7.4,5.2,6,3.6,4.6,1.1,1.3,2,0.2,0.1,0.2,1.2,0.4,0,0.2,1.9,1.4,0.4,0.4,0,2.6,0.4,1,0,0,0,0,0,0,1,0.2,0,0,0,0,0.6,0.6,0.4,0,0,0,0,2.8,0,0,0,1.2,0.8,0,0,0,0,0,0,0,0,0.4,0,0.2,1,2.8,0.2,NA,0,0,0,0,0.6,0,0,0,0,0,0,0,0,0.8,4.6,2.2,4.2,0.4,2.4,3.9,3.4,2.6,3.6,9.2,7.8,NA,9.4,6,7.2,9,0.2,NA,NA,5.6,7.8,4.6,7.2,6,7.8,3.4,2.2,5.4,6.2,4,5.8,4,4,0.2,2.2,NA,0,0,0,6.4,2.2,3.2,2.6,0,0,0.2,0,2.2,4.2,4.2,2.6,3,1,5.2,3.4,3.8,NA,0.2,3.6,0,0.4,22.8,10,7.8,13.1,5.8,15,13.2,24.8,11,18,16.4,18.8,18.4,21.4,32.6,22.8,25.2,13.2,17,NA,24.2,17.4,21,18.8,16.2,12.4,12,18.2,16.4,16.6,41.6,32.6,14,17.8,11.8,29.3,39.6,10.6,15.5,15.4,7
2025-03-15,0,0,0,0,0,0,0,0,0,0,0,0,0,0,0,0,0,0,0,0,0,0,0,NA,0,1.2,5.8,2.9,0,0,0,0,0,0,6,0.2,4.8,2,11.2,0,0.6,0.6,1,NA,0,0,1.6,0.2,1,3.6,8.3,8.7,6.4,3.6,9.6,1.6,2.6,2.6,5.2,1.6,1.7,5.6,9.2,5.6,1,5.6,2.4,6.6,7.8,4.4,17,1.6,1.6,9,4.8,0.4,2.1,9.5,5.2,6,2,4.2,4.4,3.8,3.4,0.8,1.8,2,7.8,8,6.7,0.8,NA,NA,0.2,8.4,0.6,0,2.6,7.8,1,7.6,1.4,NA,0.6,0.3,0.8,4.1,3,0.2,0.2,0,0.6,0,0.8,0,0,0.2,0,0.4,0,0.2,1,0.2,0,1.5,0,0,0,0,0,0,0,0,0,0,0,0,0,0,0,0,0,0,0,0,0,0,0,0,0,0,0,0,0,0,0,0,0,0,0,0,0,0,0,0,0,0,0,0,0,0,0,0,0,10.8,0.2,0,0.4,0.4,0.8,0,0.2,0.4,0,0.2,0.6,1,0,0,1.2,NA,0.2,0.8,0,0.2,1.2,0.2,0.2,0,0,0,0.2,2.4,0,0.2,0,0.4,1,0,6.2,NA,6.2,9.4,5.6,0.2,3.2,4.2,0.6,1.4,3.8,2.6,0.8,0.2,0.8,2,0,0,0,0,2.2,0,0,1,0.1,0.2,0,0.4,0.4,0.4,0.2,0,0,0,0,0,1,6,4.8,6.4,5.9,7.4,4.4,0.6,3.2,1.2,NA,NA,7.8,2.6,1.2,6.8,2.2,0.2,0,0,5.2,NA,2,0.4,2.8,0.8,1.8,0.2,1.7,3.1,4.6,17.8,4.2,1.2,1.2,0,3.2,4.1,2.2,2.5,5.6,5.8,6.7,4,3.3,3.6,1.4,0.2,1.2,1,4.8,4.6,9.9,1.6,5.8,8,3.2,4.6,4,6,4.4,4.4,6.6,6,7.8,6,6.4,7.8,4.6,4.6,3.9,6.6,5.4,4.8,9.4,14.2,6.6,7.8,2.8,6.5,8.2,5,6.4,7,4,6.4,4.6,8.4,0,1.2,0.5,0.6,0,1.2,0.4,0.2,0,0,0.4,0.4,0,0.2,4.6,6.8,0.6,0.4,2,3.8,4.4,6.6,5.8,7.2,4.2,5,1,0.8,0,5,2.4,18.4,1.4,15.8,3.4,4.4,1.4,4,1.2,15.6,6,4.2,0.2,10,7.2,1.6,6,4.4,5.4,4.2,0,1.2,3,8,1.8,0.4,1,0.4,0.8,2.6,0.4,2.2,0.8,1.4,0.2,3.4,1.4,0,0.2,0,NA,NA,0,6.6,0.2,9.7,NA,16,6.8,3.2,5.2,5,NA,0.4,2.6,5.2,4.4,1.4,1.8,1.8,2.2,3.2,3.7,1.2,0.4,0.8,0.4,NA,0,NA,0.2,0.4,NA,0.1,0.6,0.6,1.6,7,4,2.6,2.9,2.4,2.8,2.4,0.2,0.4,0,2.6,0.9,1.8,3.2,4.2,2.2,3.2,2.3,6,0.4,4.1,22.1,4.2,8,4.2,2.4,1.7,3,3.4,2.1,1.2,3,9.4,5.8,NA,3.8,6.6,4.8,1.2,3.8,2.2,2.6,1,0,0,0,0.4,1,0.4,0,0,0,0,1.6,0,0,NA,0,NA,0,0,0,0,NA,0,0,0,NA,0,NA,0,0,0,0,0,0,0,0,0,2.6,0,0,0,0,0,0.1,0.4,1.8,2.4,2.4,2.2,0,1,0,0.4,0,0,0,0,0,0,0,0,0,0,0,0,0,0,0.2,0,0,0,0,0,0.2,0,0.4,0,0.2,0,0,0,0,0,0,0,0.2,0,0,1.2,0,NA,0,0,0.2,0.2,0,0,0,0,0,0.2,0,0,0,0,0,0,0.6,NA,0,0,0,0,0,0,0,0,0,0,0,0,NA,0,0,2.2,0,0,0.6,0.8,0.6,1,0.2,0,0.2,0.2,NA,NA,0.7,6.6,0,0.2,1.2,0.6,0.4,0,NA,0,0.6,0.4,0,0,0,0,0,0,0,0,0.2,0,0,0,0,0,0,0,0,0,0.4,0,0.2,0,0,0,0,0,0,0.4,0.2,0,0,0,0.8,0.2,0,0,0,0,1,0,0,0,0,0,0,0,0,0,0,0,0,1.2,0,0,0,0,0,0.6,0,NA,0,0,0,0,0,NA,NA,0,0,0,0,0,0,0,0,0,0,0,0,0,0,0,0,NA,0.1,0,0,2,0,0,0,0,0,0,0,0,0,0,0,0,0,0,0,0,NA,0,0,0,0.8,5.4,5,2,1.2,1.4,0.3,0.8,3.9,0.8,1.1,0.4,1,1.4,0.6,0.4,1,0.6,0.4,1.8,NA,0.4,1,0.6,1.4,1,0.4,1.8,4.4,1,1.2,1.6,1.4,2,0.8,1.8,1.4,0,0,0,0.2,0
2025-03-16,4.8,2.7,4.6,1.2,4,4.8,0.4,1.4,8,3,5.8,3.4,2.4,2.4,2.7,2.4,1.4,4.2,1.1,1,1,2.2,1.6,NA,9.4,5.6,5.4,13.2,13.8,6.6,5.7,3.8,4.2,6.8,16.8,14.2,4,3.2,27.5,16.6,12.2,3,8.4,5.9,5.8,7.4,3.8,0.8,0.6,3,3.6,3.7,4.4,3,2.4,1.2,5.8,4,1.8,1.4,2.6,2.2,0.3,1.2,0,0.6,1,0,1,1.8,0,0.6,0,0.8,0,0,1.9,0,0.8,0.7,0,1,5,0.4,0.5,2.4,2.4,0.2,2.2,3.6,2,0,NA,NA,0,1.2,0,0.2,0,1.2,0.4,0.8,0.6,NA,0,1.2,0.7,0.2,0,0,0,0,0,0,0,0,0,0.2,0,0.8,0.6,0,1,0,0,0,0,0,0,0,0,0,0,0,0,0,0,0,0,0,0,0,0,0,0,0,0,0,0,0,0,0,0,0,0,0,0,0,0,0,0,0,0,0,0,0,0,0,0,0,0,0,0,0,0,4.4,1.2,1,3,3.4,4,3.4,1.6,2.4,4.2,2.8,2.2,4.4,3.8,0,0.4,NA,8.4,0.8,0.2,0.2,0,0,0,3,0.8,1.4,0,0,0,0,0.2,0,0,7.6,1.4,NA,0.8,2.8,3.4,8.2,4.4,5.6,0.8,0,2.8,0.8,0.2,0.2,2.6,0,1,0,0,0,0,0,0,0,0,0,0,0,1.4,0,0.6,0,0,0,0,0,0,1,1.6,3.6,1,0.7,2.2,2.2,0.2,0.2,NA,NA,1.8,2.2,0.4,2,1.6,0,0,0,4.6,NA,3.8,1.8,0.2,1.1,4.8,8.6,6.3,5.1,0.2,1,0.7,9.2,8.6,0,1.6,0.7,1.6,4,0.2,0.4,0.4,0.2,0.3,6,2.6,0,1,0.4,1.7,0.6,6.8,1.8,1.4,3.2,0,0.2,0,5,0.2,7.4,1.8,6.2,4.2,0.2,1.2,2.6,2.4,3.2,3.3,4,2.4,0.8,2.6,3.2,2,6.4,17.4,1.7,2,0.6,2.4,2.2,1,5.2,3.6,8.4,9.2,2.4,2,2.2,0.4,4.2,4,3.4,6,4.8,3,2.2,8.4,8.6,9.6,12.4,17.8,16.2,32.1,14.8,8.9,14.6,10.3,6,10.4,8.4,18.4,31.6,21.1,12.8,11.2,11.2,8.4,7.4,11,15.4,28,13.4,11.2,10.2,13.6,15.4,8.8,6.8,7.8,8.8,12.4,12.4,15.2,14.2,35.6,25.6,14,15,31.4,22,22.9,19.2,55,56,71.4,57.2,71.4,49.8,25.4,0.2,3.8,1.6,3,0.4,NA,NA,0,9.8,0,14.4,NA,21.2,NA,16,18.4,10.6,NA,15,49.8,39,25,40.6,39,36.7,2.8,2.6,9.1,29.6,37.8,49,40.2,NA,1.6,NA,7,2.8,NA,3.7,1.5,1.2,3.4,2.6,18,25.8,17.7,68.6,15.6,36.2,44.8,42,54.8,43.6,24.5,27.4,28.2,17.1,21.8,32.4,11.1,32.2,36.2,13.3,30.6,3.4,12.4,6.2,13.4,2.7,2.6,15,14.2,9.6,8.8,4.6,5.6,NA,10.8,14.8,16,2.8,6.6,NA,8.2,1.2,0,0.4,2,2.4,1.5,2.4,1.6,0.3,0,0,1,0.8,0,NA,0,NA,0,0.8,1,1.6,NA,0.2,0,1.6,NA,0,NA,0.2,0,0,0,0,0,0.4,0,0,1.4,0,0,0,0,0,0,0,0,0,0,5.2,0.2,4.6,1.8,5.6,0,0.4,1.2,0.4,3.6,2.3,0.2,0,NA,0.6,0.2,0,0,0,0,0,0,0,2.6,0.2,0.4,4,4.8,2.8,1.2,0.8,0.4,0.4,1.8,1.6,2.4,2.4,3.6,3,7.4,3.4,2.6,8.2,6.7,4.6,5.8,13.8,2.6,9.4,3.4,4,4.4,2,3.6,2.1,2,1.2,0.8,2.6,2.6,NA,2.2,1.8,2.4,2.4,2.4,4.4,4,3.4,0.6,2.6,4,11.8,1.8,2,4.6,1.8,0,0.1,0.4,0,0.1,0,0,0,0,0.4,0.1,NA,0,2.6,0,0,8,0,0,0,0,0,0,0,2.8,1.6,0.8,0.6,0.4,0.6,0,0,0,0,0,0,0,0,0,0,0,0,0,0.4,0,0,0,1.6,1,0,1,7.2,1.8,3.2,0.4,8.4,3.6,6.8,5.2,5.4,3.6,5.4,4.8,0.6,1.6,1.2,1.2,0.2,3.8,4.4,3.2,7.2,8.2,6.2,4,9.2,3.4,2.9,4.4,4,3.6,7.4,4,NA,8.4,8,3.2,4,2.6,NA,NA,6.6,5.6,5.4,1.2,7.4,2,2.6,1.6,2.2,4.4,4.2,3.6,4.4,3.6,0,0,NA,1.2,1.8,0.4,1,0.2,2.8,1.8,3,0.2,0,5,6,6.4,4,5.4,NA,6.6,4.4,4.6,2,NA,0.9,3.4,0,3.2,0.6,0.2,0.4,0,0,0,0,0.8,0,0.7,0,0.4,0.4,0,0.4,0.6,0.8,0,0,NA,0.2,0.4,0.2,0.4,0,0.2,NA,0.4,0,0.6,1.8,2.4,0,0,0,2.7,0,0,0.1,0,0
2025-03-17,0,0,0,0,0,0,0,0,0,0,0,0.2,0,0,0,0,0,0,0,0,0,0,0,NA,0.2,0,2.6,NA,0,0,0,0,0,0,0,0,0,0,0.1,0,0,0,0,0,0,0,0,0.2,0.2,0,0,0,0,0,0,0,0,0,0,0.2,0.1,0,0,0,0,0.2,0,0,0,0,0,0,0,0,0.4,0,0,0,0,0,0,0,0,0,0,0,0,0.2,0,0,0,0,NA,NA,0,0,0,0,0,0,0,0,0,NA,0,0,0,1.3,0,0,0,0,0,0,0,0,0,0,0,0,0,0,0,0.2,0.4,0,0.2,0,0.4,0.9,0.1,1,3,1.2,0,0.1,0.2,0,0.2,0,0.4,0.2,0.2,0,0,0,0,0.8,0.7,0.6,0.5,0.6,0,0,0,0,0,0,0,0,0,0,0,0,0,0.2,1,0.4,0,0.6,0.4,0.2,0.2,0.8,0.2,0.2,6.4,6.8,1.8,5.8,1.6,3.2,3.6,1.4,0.2,1.8,1.8,0,1.2,12.8,2,NA,0,2.4,1.4,0,0.2,0.2,0.4,0.4,1.8,0.2,2,0.8,1,0.6,1.9,2,4.6,4,3.4,NA,5,30.6,NA,29.4,3.4,25.2,5,3,3.2,4.6,1.2,2.7,2.2,0.4,0.6,0.6,1.2,0.2,0.8,1.4,0.4,0.8,0.2,0,1.4,0.6,0.8,0.7,0.8,0,0.6,0,0,0.6,0.2,2,3.4,4.4,4.9,3.6,4.2,0.6,0,0.8,NA,NA,5,1.8,0,4,2.8,0.6,0,0,0.8,NA,12.6,4,4.8,3.1,16.2,18,16,9.6,14.4,15,14.2,3.4,3.4,5.8,7.2,12.9,8.4,21.3,13.2,12.4,16.7,10,10.4,5.6,6.2,7.2,9.4,7,52.3,19.8,17.4,17,48,45.2,25.2,36.5,27.2,24,18.4,31,19,19.4,22.4,25,16.8,23.4,19.2,20,11.4,6.4,5.4,9,8.6,15.8,6.6,6.2,35,10.3,11.8,9.6,19.8,13.2,7.6,11.6,9.2,8.8,3.8,6.2,6.7,9.2,6.2,8.8,5,6.6,NA,5.6,6.4,8,3.8,5,8.2,9,7,6,16.5,11,10.6,5.2,11.5,25.2,19,48.6,39.4,34.2,27.5,7.8,38,43.6,47.4,27.8,26.4,38.8,45.6,20.4,6,8,23.8,14.6,5.8,10,9.4,6.6,6.4,11.6,6.4,9.8,58.6,27.2,11.4,7.4,35.8,17.4,17.3,27,46.2,46.6,32.2,27.2,53.4,33,35.8,12.4,12.4,6.8,18.8,12.4,NA,NA,22.2,22.8,0.6,22.8,NA,23,NA,23.8,24.2,26.4,NA,10.6,22,43.8,32.2,28.2,60,41,19.6,24.6,36.1,35.8,41.4,33,47.4,NA,6,NA,8,7.4,NA,11,10.9,14.2,33.6,42,44.8,29.8,41.5,49.8,32.2,22.4,92.8,49.6,68.6,68.8,19.3,NA,23.8,43,55.6,25,17.6,37.2,25.4,29.8,81.1,27.8,NA,33.8,37.6,18.1,20.4,34.8,32.9,23,29.8,18.8,54.2,NA,77,76.4,72,55,57.2,NA,97.8,34.2,0.2,25.4,33.6,53.8,39.1,50,103.6,36.8,47.2,34.6,37,54.4,48,NA,34,NA,29.6,18.6,11.4,13.4,NA,21,0,1.4,NA,17,NA,23,7.9,1.9,0,0.2,15.1,1.8,6.8,3.4,25,0.7,0.8,1.6,2,0.6,4,2,2.4,4.2,4.2,17.8,9,17.4,11.4,18.7,0,10.4,8,9.6,13.2,9.6,11.6,9.6,6.8,13.2,7.4,4.5,5.6,5.2,8.2,6.6,8.4,4.4,9,8.4,4,13.8,12,12,9.6,6,3.9,6,4.2,6.2,15.2,15.8,10,17.4,0,4.4,2.8,7.2,6.5,7.7,3.6,13.2,6.9,3,14.4,14.8,15.6,8.8,4.8,7.7,4.6,0,0,2.2,0.4,NA,2,1.4,1,0.3,NA,1,0.8,0,0.8,0.4,1.2,0.4,0.6,0,0.2,2.2,0,0,0,0,0,0,0,0,0,0,NA,0,0,0.8,0.2,0.2,0,0,0.8,0.2,0.6,0.4,0.2,0.2,0.6,0.2,0,0,0,0,0,0,0,0,0,0,0,0,0,0,0,0,0,0,1,0,0,0,0,0,0,4.8,1.8,1.2,0,1.2,0.2,0.4,1,0,NA,0,0,0,0,0,0,0.2,0,0,0,0,0.2,0,0,0,0.2,0,0,0,0,0.2,0,NA,0.2,0,0,0,2.6,NA,NA,0.6,0,0,0,0,0,0,0,0,0,0,0,0,0,0,0,NA,0,0,0,NA,0,0,0,0,0,0,0,0,0,0,0,NA,0,0,0,NA,NA,0,0,0,0,1.3,0.2,0,0.5,0.8,NA,0.4,0.5,0,NA,0.2,0.2,0.2,0,0,0.2,0,0.4,0.4,NA,0,0,0.6,0.2,0.2,0,NA,0.4,0,0,0.2,0.2,0,0,0,0,0,0.1,0,0,0
2025-03-18,11.2,4.7,5.8,6.2,6.6,3,1.6,2.1,12.6,6.4,7.4,4,9.1,9.2,8.8,8,6.7,8.6,3.7,2.2,2.8,3.6,4.4,NA,8.6,8.4,4.6,3.1,21.2,19,12.2,10.4,5.2,4.4,16.2,19,16.6,6.6,16.6,0.6,13,NA,20.8,5,4.8,4.4,4.6,0.4,0.2,0,0,0,0,0,0,0,0,0,0,0,0,0,0,0,0.4,0,0,0,0.2,0,0,0,0,0,0.2,0,0,NA,0,0,0,0.6,0,0,NA,0.2,0,0,0,0,0,0.2,NA,NA,0,0,0,0,0,0,0,0,0,NA,0,0,0.1,5.5,0,0,0,3.6,0,0,0,0,0.2,1.8,0,0,0,0,0,0,0,0.7,0,1.2,0,0,0,0,0.2,1.4,1,1.9,0.2,0,0,0.2,0,1,3,0.4,1,0.2,0,2,0,0.2,0,0,0,0,1,0,0.8,0,1.4,1.6,0,0,0,0,0,0,0.2,0.1,0,1.2,0,0,0,0.8,0.6,0,23,35.4,16.4,11.6,8.4,9.2,6.6,3.6,2.4,0.8,0.2,2.6,0.6,24,0.4,NA,0.4,1.2,6.8,10.6,7.2,3.4,4.4,6.6,7.4,0.4,2.6,3.6,5.4,8.4,5,3.6,3.8,1.6,3.2,NA,6.6,34.6,1.6,21.4,1.8,7,5.2,3.6,2,3.8,2.4,3.8,1,1,4.8,3.4,2.8,1.2,0.4,7,2.2,3.4,1.7,0.6,5.4,2.4,3.6,5.4,1.6,0.4,7.2,1,1.8,2.6,1.2,0.8,0.4,1.2,2.8,1.6,3.6,1.2,1,0.2,NA,NA,5.8,2.8,3.2,3,1.2,1,2.4,1.6,2.2,NA,51.2,4.6,6.2,3.9,29,11.6,22.3,19,16,16.4,11.7,6.8,8.8,14.4,6.6,6.4,13.2,23,19.1,17.2,20.9,13.4,7,19.8,12,3,1.6,4.4,41.4,14,11.6,2.2,23.4,25.8,12.4,24.3,19.8,10.6,8,6.4,12.8,10,8.8,7,3.2,12.4,1.8,0.4,3,NA,0.6,13.4,0.6,6.8,1.2,7.4,20.6,1.1,0.8,4.8,4.4,0.6,2.2,0,0.8,1,3.2,20.6,6.6,6.8,2.8,20.2,11,66.8,NA,7,17.2,20.4,3,8.6,0.8,1.6,2.4,2,NA,3.6,7.3,1.8,5.9,8.6,3.6,7,0,0,0.3,1.4,0.2,3,1,1.8,3.4,3.4,0.4,0,0.2,0.4,1.6,2.2,0.2,0,0.2,0.6,1.2,1,0,0,1,1.4,1.2,1.8,0.6,1.4,0,0,3.8,0,6,0.4,0.2,0,0,8.8,2.4,2.6,3.8,4,NA,NA,8,6.4,0.4,1.4,1,2.2,NA,0.6,3.4,8,3.2,3,10.2,13.2,1.6,7,1.8,NA,2.2,0.8,1.6,1.2,1.8,0,0,NA,3.2,1.4,4.4,4.6,NA,7.2,8.2,0.2,0.8,1,1.8,0.2,0,0.2,0,0,0.1,1.2,0.4,0.2,0,NA,0,0,0,0.2,0,0.4,0.2,0,13.8,2.4,NA,2.4,NA,0,0,0.6,0.1,2,0,0,0.2,NA,1.4,1.8,6.6,0.8,2.6,0.8,0.4,0.8,0,0.1,0,1.2,1.2,3.2,2,0,0.2,0,1.4,3.8,5,NA,6.6,NA,10.6,16.8,13,14,NA,10.8,1,3.2,NA,22,NA,18.2,11.3,13.4,1.2,0.2,10.3,9.8,6.6,2.2,0.8,26.5,22.6,1.5,3.4,0.8,17.9,41.4,6.2,4.2,3.5,6.6,2.6,4.6,16.4,14.6,0,12,20.8,54.4,23,7.3,13.2,17.4,9.4,NA,15.6,3.6,4.6,25.6,14.8,5.7,34.4,23.4,16.6,41.8,14,35.8,26.8,28.2,49.2,18.6,8.1,23.6,6.6,32.6,63.6,30.8,17.2,57.4,8.4,15.2,9.8,2,4.9,3.6,0,25,13.5,7.4,49.6,21.2,30.4,41.6,9,68.3,60.4,2.8,0.8,16.8,4.2,NA,23.4,44.2,31.2,16.3,NA,25,12.8,2.4,16.2,9.4,28.2,25,9,7,9.8,13.8,6.4,2.6,0.2,1.4,1.1,0,0,0,1.4,7.8,0.1,0.2,0,11.4,0.8,1.8,3,0,1.4,0.6,0.4,5.8,44.4,5.8,2.4,0.6,6.2,1.4,1.6,8.8,8.6,14,3.4,21.6,2.6,6.2,6.4,7.4,1.6,6.4,0.1,0.6,19.2,2,15.8,5.2,6.4,5.8,3.4,5.4,18.8,11.6,8,6.4,1,0,1.4,11.8,9.8,8.8,12.8,9.8,10,8.2,7,8.6,2.6,12.8,7.6,6.8,9.6,2,1.2,5.4,2.8,1.4,3.8,6.6,0.8,1.4,3.6,8.8,0.2,NA,9.5,8.4,10.4,4.8,8.2,NA,NA,20.2,7.6,2.4,8.4,6,8.6,6.8,8.6,12,11.2,6.2,2.8,4,3.8,7,17,NA,3.9,13,11.8,NA,13.6,8.8,8.4,8.6,12.2,12.2,16.6,2.2,3.4,2.4,0.8,NA,2.2,5.2,3,4,NA,0.3,0,0.2,1.4,3.4,0,0.4,0.6,0.8,0.7,0.6,2.3,1.2,0.2,1.2,0.6,0.4,0.2,0,0,0,0,0,NA,0.2,0.2,0.2,0,1,1,NA,1.6,0,0,1,1.4,0,0,0,0.2,0,0,0,0,0
2025-03-19,10.4,4.1,2.8,2.6,24,6.6,0,1.6,6.6,8.8,4.4,11.2,11,11.2,21.2,21.4,9.4,42.4,13.6,2.9,7,20.8,6.2,NA,44.2,5.6,4.6,4.9,15.4,15.8,10.2,7,9.5,4.6,35.6,73.6,16.6,12,50.5,1.4,16.6,4,58.8,4.7,4.8,5.6,0.4,0,0.2,0,0,0,0,0,0,0,0,0,0,0,0,0,0,0,0,0,0,0,0,0,0,0,0,0,0,0,0,0,0,0,0,0,0,0,0,0,0,0,0,0,0,0.2,NA,NA,0,0,0,0.4,0,0,0,0,0,NA,0,0,0,0.3,0,0.4,0,0,0,0,0,0,1.2,0.2,0,0,0,0,0,0,0,0.1,0,0,0,0,0,0,0.4,0.6,0,0,0.2,0,0.4,0,0,0,0,0,0,0,0,NA,0,1.2,14.1,0.8,0,0,0,0.2,0.8,0,NA,1.6,0,0.8,0.8,0.6,0,NA,0.2,0,0,1.2,1.4,0.6,4.2,NA,1.4,0.2,0,0.2,0,0,0,0,0.2,0,0,0,0,0,0,0,0,0,0,0,0,0,0,0,0,0,0,0,0,0,0.4,0,0,0,0,0.2,0.2,NA,0,0,NA,0,0,2.2,0,0,0,0,0,0,2.8,3.6,0,0.2,0,2.4,4.8,2.2,0,1.6,0.3,0,1.4,2.6,2,4.2,2.2,0.8,1.2,2.4,2.6,4.6,1.2,5.2,3.4,2.2,2.6,2.1,4.4,3.1,2.8,1.6,NA,NA,16.4,4,7.8,9,4.6,0.6,2,1.4,0,NA,0.2,0,0,0,0.2,0,0.3,0.5,0,0,0,0,0,0,0,0,0,0,0,0,0,0,0,0,4.2,0,0,0,0.1,0.2,0,0,1.8,0,0,0.1,0.2,0.2,0,5.2,0,3.4,4.4,2.6,1.2,10.4,2.8,4,2.6,4,3,8.6,6.8,19.2,4.2,14.2,12.2,8.4,3.2,4.4,3,3.4,3.4,4.8,5.8,4.4,0,0,0,0,0,0,0,0,0.4,0,0,0,0,0,0,0,0.2,0.2,0,0,0,0,0,2.6,2.2,5.8,4.4,5.6,2.9,0,2.8,2.6,1.8,1.2,1.4,2.2,4.2,4.6,2.6,1.6,5,3.8,4.4,3.6,5.8,5,5,4.8,6.4,6.7,5.7,5.4,7.2,8.2,11,8.2,9.2,12.4,9.6,11.2,12,NA,9.4,9.2,8,0,0,0,0,0,NA,NA,0.2,0,0,0,NA,0,NA,0,0,1,0,0,0,0.2,0,0,0,0.1,0.2,0,0,0,0.8,0.8,5.6,NA,0,0,0,0,NA,0.1,3.2,0,0,0,0,0,1.4,9.8,5.6,13.2,14.7,8.4,9.4,4.6,14.3,17,16.2,4.7,12.8,9,7.3,7.6,15.4,27,0.7,0,2.4,4.4,8.9,9.1,8,3.4,2.5,0.8,1,0.2,0,NA,0.2,0,0.2,0,1.2,0,0,0,0,0,0,0,0,0,0,0,0,0,0.6,0,0,NA,0.2,NA,0,0,0,0,NA,0,0,0,NA,0,NA,0,0,0,0,0,0,0,0,0,0,0,0,0,0,0,0,0,0,0,0,0,0,0,0.2,0,0,0,0,0,0,0,0,0,0,0,0,0,0,0,0,0,0,0,0,0,0,0,0,0,0,0,0,0,0,0.2,1.2,0,0,1.2,0,0,0,0,0,0,0,0,0.1,0.2,2.2,0.2,0.2,2,0,0.1,0.8,0,0,0,0.2,NA,0.2,0.6,0.4,0.1,NA,2,0.2,0,2,2.2,5.4,1.8,NA,1,0.4,8.6,0,0.5,0,0,0,0,0,0,0,0.2,0,0,0,0,0,0,0,0,0,0,0,0,2.8,0,0.8,0.4,0.4,0,0.2,1.6,0,0.2,0,0.6,0.2,0,0,0,0,0,0,0,0.2,0,0,0,0,0,0,0,0,0,0,0,0,0,0,0,0,0,NA,0,0,3.6,4.8,0.4,0,1.2,0,0.2,0,0,0,0,0.2,0.2,0.6,1.9,0,0,0.2,21.2,0.8,NA,6.8,2.4,2.2,0,2.4,NA,NA,5,4.8,3,0.2,0.6,4.6,0.8,2,2.8,2.4,NA,4.6,0.4,0.2,4.6,3.2,NA,2.8,2.6,3.6,4.8,4.2,1.8,1.4,0.6,0.4,0,0.8,0.6,0,0.4,0,NA,1.6,2.6,2.8,1.2,NA,0,0,0,0,2.3,0,0,0,0,0,0,0.8,0,NA,0,0.2,0,0.2,0,0,0,0,0.2,NA,0,0,0.2,0.2,0.8,0,0,4.6,0.6,0.6,0,0,0,0,0,0,0,0,0,0,0
2025-03-20,0.8,0,0,0,0.8,0,0.2,NA,0,0,0,0,NA,0,0.6,0.6,0,5,0.9,0.1,0.2,0.4,0.4,NA,0,0.6,3.4,11.3,4.2,0,0,0,0,0.1,13.8,11.2,6.8,2.2,17.6,1,5.4,3.2,30.4,6.3,6.2,5.2,0,6.2,0,0,0,0,0.4,1.2,NA,2.2,1.2,1.2,2.4,4,3.1,1.2,0.1,14.2,5.2,6,3.3,4,3.6,4,4.5,10.8,10,10.4,2.8,7.6,11.5,6,8,3.2,4.2,1.4,3,1,1,0.2,5.8,14.4,3.2,2.2,1.3,17,NA,NA,5.6,13.8,12.2,29,1.2,0,5,0,0,NA,0,0,NA,27.2,5.6,18,1.2,0.2,1.6,8.2,0,0,6.6,25.8,0.8,0,1.1,1.4,0.8,2.4,0,0.7,4.2,5.2,3.6,3.5,4.4,6,19.2,25.2,8,9.5,17.4,18.4,6,5.8,5.6,16,18.4,17.8,20.6,22.6,25,23.4,18.5,28.6,25.2,23.2,3.6,6,5.8,5.8,16.6,5,2,7.6,1.8,7.4,12.2,7,4.4,11.6,18.2,14.9,13.2,10.4,20.2,25.8,22.6,7.8,18,0.8,12,5.2,5,5.2,4,7.8,21.4,13.8,17.4,16.4,NA,14.6,14.2,43.6,10.6,4.4,7.4,7.8,21,16.2,NA,8,9.2,3.6,25.6,22.4,15.6,20.8,26.6,7.6,5.6,6.2,4.4,32.2,27.4,NA,8.8,46.2,8.2,60.4,10.2,19.8,5.4,7.4,7.8,8,2.6,7.2,2.6,1,12.4,9.2,8.8,2.6,1.2,35.4,2.8,36.8,5.9,4.4,19.6,7,4.6,4.3,3.6,4.8,12.6,5,1.2,1.6,2.2,18.2,9.4,5.2,4.9,3,6,2.5,1,0.6,NA,NA,27.6,1.4,19.6,4.8,0.8,2.8,12.8,9,7,15,14.2,7,9.6,9.6,33.2,29.2,24.8,42.1,28.6,24,28.6,11.6,10.2,12,17.4,17.7,17.4,23.6,26.2,14.2,27.6,10.5,15.6,13.8,12.4,8.4,8.6,6.6,37.1,29.4,27,33.8,80.2,34.4,24.6,23.9,22,24.8,19.6,15.4,33.5,8,19.2,14.6,2.4,33.8,3.8,7.6,12.6,3.6,4.4,26,7.8,41.6,4.4,36,38.6,6.8,3.4,12,9.8,2,7.6,7.2,4.4,7.4,1.4,4.2,6.9,5.2,9,4,3.6,6.4,0.2,0.4,1.6,0.6,0.4,2,4.6,6.4,4.4,3.2,5.7,26.4,18.3,10.8,22.3,23.4,11,37,5.6,13.8,21.1,16.4,5.8,23.6,10.6,6.4,1.2,10,18.2,5,2.8,5.8,8.4,5.6,1.8,9,3,4.6,5.8,4.8,6.4,7,10.4,4.8,5.2,11.8,7.4,8.6,10.6,5.2,15.2,5.8,8.2,NA,6.6,6.8,2.6,2.6,0,0.4,2.2,2.2,NA,NA,1.2,1.8,2.4,4.7,NA,4.2,NA,5.8,2.6,1.8,9,6.4,12.6,17.2,8.6,18.6,22.6,17.9,4.2,5.4,10.6,11.4,36.2,26.8,6.6,NA,0.9,1.1,4.8,2,NA,2.5,6,5.8,10,16.2,9.4,21.6,15,40,30.6,22,24.4,12.2,7,9,23.1,22.4,21.4,26.3,3.2,16.4,0.9,42.2,23,20.7,60,15.8,18.6,18.2,38.2,32.6,34.6,15.8,24.8,19.2,15.2,4,21.6,NA,14.6,36,24.8,7,7,9,10.2,10.4,0,3.9,5,6.2,8.1,5.8,10.4,4.5,6.6,5,0.4,6.6,4.4,NA,2,NA,2.4,1.2,2.2,4.6,NA,2.6,0.2,2.2,NA,7.2,NA,7,4.6,0.4,0.6,0,3.7,0,1.4,0.9,8,1.4,2.2,5.6,3.6,4,0.8,1.4,2.8,5.9,5.8,0.8,0.8,1.4,1,2.5,1.2,0.8,2,2.8,1.8,0.9,0.6,0.8,1,2.2,2.2,0.9,1.2,1.4,1.2,1.4,0.8,1.4,0.8,0.8,0.4,1.6,1,0.8,0,0.8,1,0.2,0,0,0.8,0.4,0.4,2.8,2.4,1.6,0.4,1.8,3.4,1.9,1.4,1,0.7,3.4,1.6,1.4,0.6,1.4,4.2,0,1,1.6,3.2,6.4,4,NA,2.4,NA,1.2,0,NA,0.2,0,5.2,1.6,3.2,4.6,0.2,NA,0,0,2.6,23.3,24.5,15,16.8,NA,15,13.4,16.2,21.8,17.8,8,9.4,12.4,25,17.4,14,14.6,11.8,6,5.2,1.5,7.8,19,5,11.6,22.6,14.2,7.8,11.6,9.4,11.4,3,5.4,10.4,4.2,7.4,9.6,3.4,3.3,3,4.6,4.8,8.2,2.8,5.6,3.8,7.6,2.6,1.4,1,5.2,5.2,3.6,3,1.2,1.2,1,1.8,4,1.2,1,1.8,2.2,36.2,29.2,17.4,9.6,4.6,3,2.6,1.6,1.2,4.2,0.2,0,0.2,0.2,0.3,0,0,0,0,0.2,NA,0,0.2,0,0,1.4,NA,NA,3.6,0.8,0.2,0,0.8,0,0,2.6,0.6,2,0.8,0.2,0.4,0,9.4,5.2,NA,8.4,13,6.8,3.8,2.2,2,3,1.4,5.4,7.6,1.2,0.8,1.4,0.4,0,NA,0.2,0,0,NA,NA,2.7,0.8,4.4,1.4,0.1,0,0,0,0,0,0,0.1,0,0,0,0,0,0,0,0,0,0,0,0,0,0,0.2,0,0,0,0,0,0,0,0,0,0,0,0,0,0,0,0,0,0
2025-03-21,15,13.7,13.8,7.8,19,9,7.8,6.1,19.2,15.8,14.6,13.4,17.8,18,14.7,14.2,15.1,6.8,8.6,5.9,8,13.8,7.8,NA,14.4,9.6,5.4,1.5,19,14.4,18.3,9.1,15.8,NA,16.4,15.8,2.3,2.8,5.7,0.2,9.6,2.6,21.6,3.1,2.6,3,0,1,0,4,2.3,2.5,3.2,1.8,1,4.2,1.8,3,4.8,2.8,2.2,3.6,3.7,1.4,1.8,0.6,0.3,0,0.2,0.4,0.1,0.2,0,1,0,0.6,2.5,0.3,0,0,0,0,0,6.1,6.3,22.6,0,0,0.2,5.2,5.5,19.2,NA,NA,0.2,3.2,2.2,9.8,2.8,2.6,4.4,10,9.4,11.2,6.4,5.9,7.5,16.7,2.2,9,4.6,5.2,3.8,2.4,5.2,1.2,16.6,14.6,11.8,2.8,2.1,3.8,3,10.4,2.4,4.2,15.9,17.2,21.8,21.6,17.8,19.2,54.8,49,27.2,33.8,35,22.2,16.4,31,33.2,21.6,42.6,50.7,47.5,46.6,18.2,28.8,28.4,67.4,45.5,41,17.8,16,10.2,16.6,18,4.6,11.8,13.4,10.8,17.8,22.2,28.8,13.6,16.6,35.2,25.7,23.2,19.8,41.8,44,54.6,18.5,33.6,8.8,26.2,18,9.8,NA,3.8,7.2,7.6,7.8,4.2,4.6,NA,8.2,8.2,18.6,6,8.4,5,8.2,29.4,14.2,NA,7.2,10.2,12.8,16.6,16.6,5.8,8.4,19.4,9.4,5.7,11,15.2,14.2,7.6,NA,6.8,32,6.6,13,5.6,38.2,6.2,3.6,7,4.6,4.4,12.2,10.6,2.8,12.2,5.2,3.6,4.6,3.8,36.8,14,22.8,5.5,9.4,13.2,9,3.6,5,3.8,4,29.2,26.2,7.4,10,9.2,17.6,9.4,8.8,3.4,8.1,8.8,6.3,11,11.8,NA,NA,16.2,10.2,50.2,17.6,9,11.8,41.2,28,4.2,16.2,11,5.8,12,12.6,26,10.6,8.3,20.4,14.4,13.4,13.6,12.8,8.2,7.2,8.6,9,7.2,19.9,26.3,20,14.5,11,9.8,10.4,11.4,2,1.8,6.2,9.8,14,26.9,32.4,105.8,18.8,14.2,26.3,21.2,25.6,15.2,54,NA,66.6,81,12.2,14.8,95.8,14.4,16.4,14.8,13,11.4,46.8,20.2,31.4,21.2,43.6,70.4,13.8,10,23.8,42.2,10.4,34,15.8,13,18,3.2,9.8,2,2,1.2,7.4,2.6,1.4,0.6,0.8,5,1.4,1.2,1.2,2.4,3.6,4.8,3.2,8.1,9.2,5.3,10.4,5.1,23.8,16.4,41.6,16.4,5.6,5.1,10.4,2.6,18,7.4,18.2,5.4,10.4,12.2,4.8,6.8,19.6,8,4.6,6.2,11.6,16.4,7.2,8.2,4,8,7.2,17.4,5,4.8,15.4,7.4,1.8,5.2,3,18.8,9.6,13,NA,7.8,2.8,3.2,13,6.4,0.4,1.2,0.2,NA,NA,0,9.2,5.8,8.5,8,9,NA,7.4,17.8,10.8,16.8,3.6,5.8,46.2,14.4,5.4,19,9.2,4.6,3,10.7,19.6,10.8,3.6,7.4,NA,3.5,3.4,13.8,4,NA,2.5,3,2.6,5.8,9.2,7.8,18.2,7.9,14.8,9.2,5.4,18.2,7.4,6,16.4,4.6,10,5.4,9.9,6.4,3.4,6.4,10.4,6.8,4.6,58.8,3.8,12.8,6.8,4.9,3.2,3,9.4,5.2,3,5,6.2,6,19,5.8,4.6,11.8,4.6,5,3.4,1.2,1.6,0,2.4,1.4,4.2,2,0.8,0,0.3,0.6,0.6,0,0.6,1.4,NA,5,NA,3.8,1.6,0,3.2,NA,0,0,0,NA,0,NA,0.4,0,NA,0,0.2,0,0,0.2,0.1,2.8,0,0.2,0.5,0.6,4.8,0.7,0.6,0.6,2.2,2.4,0.2,0.2,0.4,0.4,1.4,0.4,0,0,0,0.2,0,0,0,0.4,NA,0,0,0,0.2,0,0.2,0.2,0.8,0.2,0.4,1.4,0.8,0.8,0.2,1.4,2,2.2,3.4,6.8,8.8,4.4,3.4,3.6,3.6,14.8,5.8,0.8,1.8,1.4,0.5,0.4,1.2,0.3,14,0.4,1.4,0.8,0.8,1.6,1.4,0.8,1.4,NA,10.6,1.6,NA,0.2,1,1,0.9,1,1.6,0.4,0.8,0.4,1.6,1,0.4,0.8,0.4,0.2,1.2,NA,23.4,8.8,11.4,NA,1.2,0.8,0.4,1,4.6,1.4,1.4,2.4,24.2,0.8,1.6,17.8,0.8,2.4,1.6,0.6,1.8,2.6,1.8,27.6,38.8,5.6,19.8,20.4,10.2,12.2,7.8,3.8,10.2,8.6,6.4,1.4,3.2,1.5,3.6,1.8,1.8,3,0.6,7,1.2,0.8,0.4,1.8,0.4,1.8,2.2,3.8,0,0.2,0,0.2,0.8,1,0.4,0.6,0.6,0.2,53.2,51,52.4,15.8,6,4,0.4,0,0,0.2,0,0,0.4,1.6,0.5,0,0,0.4,28.2,25.6,NA,35.6,25.2,24.6,23,28.6,NA,NA,79.4,43.6,43.2,18.4,25.2,24.4,23.6,67.6,39,17.8,8.4,12.6,12,13,83.4,29,NA,25.2,40.2,47,2.4,57,23.2,8.8,3,5.4,7,5,3.4,6.2,4,2,NA,4,11.4,11.6,3.8,NA,34.5,21,2,0,2.9,1.8,4.4,3,4,3.7,2.6,2.2,2.4,4.4,0.8,2.2,2.4,2,2.2,1.6,1,0.4,0.6,0.2,0.8,0.2,1.6,1.6,1.2,4,3.6,4.2,0.8,1,0.8,0.4,0,0,0,0,4.2,7.1,5,5.4,2.8
2025-03-22,14.4,0.2,0.6,0.4,3.8,4.4,0.2,0.2,7.6,3.8,3.8,3.6,1.8,1.4,1.1,1.2,3.6,2,1.4,0.6,0.2,1.6,0.8,NA,4.4,3.6,0.4,0.3,5.2,7.2,7.6,5.2,5.2,3.5,3.2,3.4,1.7,1.4,2.1,0,4,1.6,1.4,4.4,4.2,1.8,0.4,3,0.8,9.2,11.9,11.6,6.8,7.4,5.2,3.4,4.2,4.6,8.8,4.4,7,2.8,3,8.4,7.6,4.2,2,3,6.6,9.4,1.8,0.4,8.2,11.4,7,2.4,3.1,0.6,5,5.3,1.4,6.4,21,8.9,8.4,15.8,9,5.8,7.6,8.6,9.4,6.8,NA,NA,2.6,7.6,6.2,13.4,7.2,5.8,3.8,5.8,7.6,NA,16.9,16.2,18.3,7,1.2,5,0.8,4.4,4.2,4,10.8,12.8,22.4,10.4,12,21,27.3,17.8,28.2,5.8,28.2,7.1,18.7,23.4,15.2,15.1,21.6,24,25.2,10,17,10.3,3.6,10.2,7.4,22.2,26.6,23.6,8.8,5.9,8.5,7.2,4.6,11.8,14,15,10.1,14.2,7,4.6,5.4,18.2,4.2,3.8,2.6,3,1.6,18,15.2,11.8,4.4,4.4,19.4,2.5,1.2,13,6.2,8.4,26.8,NA,7.2,9.4,16.6,9.6,14.4,NA,7.4,1.8,17.2,7.4,1.6,13.2,23,4.2,9,0.4,14.2,25.4,4,11.6,0.2,2,0.6,11.4,14.2,7,18.8,9,12.2,8.4,9.4,1.4,8.6,14.2,28.4,10,2.8,NA,9.8,23.6,19.8,6.6,7,5.2,12,12.2,12.4,7.2,5.6,7.6,9.8,9.2,1,4.8,12.8,7.4,10.2,3.2,1.8,9.2,3.2,2.6,1.2,2.4,1,1.2,1.4,1.6,1.8,2.8,1.2,6,2.2,12.8,8.6,11,11.3,12.4,10.2,6.2,3,2.6,NA,NA,17.8,14,2.6,6,6.8,1.6,2.8,4,0.4,6,12.6,7.2,4.2,7.1,14.2,12.4,2.2,23.3,0.8,1.2,1,6.6,0.6,6,4.6,2.2,3,3.2,1.8,4.6,2.3,3.1,4.5,4.8,10.6,1.4,1,0.8,7.3,10.4,15.3,3.4,4.8,10.4,2.4,3.1,2,9.8,8.2,17.2,NA,20.4,18.6,10.2,8,37.4,3,3.8,6.7,2.2,2.6,7.8,4,28.8,2,34.6,38.6,3.8,0.8,6.8,5.2,0.2,2.6,3,1.4,6,7,12.2,2.3,0,0.4,11.6,6.8,3.2,0.4,0,7.4,4.4,4.2,1.8,3.2,6.2,7.6,2.6,5.2,5.4,9.7,4.6,11.6,10.2,12.6,24.4,2.8,1.4,0.7,6.2,5.4,11.8,3.8,4.4,8.8,2.2,3.2,1.2,5.6,5.8,5.2,7,6.4,7.4,10.4,6.6,5.4,6.4,6.8,8.4,4.8,4.2,6.6,14,7.2,3.8,4,2.8,8.4,4.6,4.2,NA,NA,2.4,1.4,24.6,3.8,0.4,0.2,0,NA,NA,0,3.6,6,3,15.8,7,NA,8,3.6,3.2,2.4,4.8,5.8,5.8,3.6,NA,2.6,4.2,9.2,5.6,4.1,4.6,2.8,0.6,1.8,NA,2.5,2.9,3.2,3.2,NA,3,1.2,1.4,1.6,6,3,2.2,1.5,3.8,1.8,0.8,2.7,4.8,3.8,5.2,0.9,1.2,1,4.4,3.8,7.4,2.5,11,1.6,3.5,28.7,10.2,8.2,NA,4.6,1.5,1.6,6.2,7.1,8.2,2,14.4,7,10.2,4,6.2,7.8,2.8,2.8,2,2.2,0,0,0,0,5.2,5.4,1.6,0,0,0,0.2,0,0,0,NA,0.2,NA,0.4,0.4,0,0,NA,0,0,0,NA,0,NA,0,0,0,0,0,0.5,0,0,0,2.6,0,0,0,0,0,0,0,0,0,0,0.8,0,1,0,0,0,0,0,0,0,0,0,0,0,0.4,0,0,0,0,0,0,0,0,0,0,0.2,0,0,0,0,0,0,0,0,0.6,0,0,0,0,17,6.6,4.2,0.8,2.2,0.4,0,0,0,5.8,0,0,0,0,0.4,0,0,0.2,0,4,2,NA,0,0,0,0,0,0,0,0,0,0.4,0,0,0,0,0,4.8,1.6,2.2,2.8,6.6,7.3,2.8,0.6,15.4,2.6,13.8,4.2,5.5,6.1,12,3.6,10.2,9.6,7.2,11.2,7.2,14,14.6,7.8,19.2,7.2,10,9,6.8,7.4,9.8,6.2,7,10.2,7.4,15.6,8.8,14.4,5.8,6.3,9.6,5,8.4,6,4.4,15.4,15.4,15,18,16.4,15.2,3.6,1.6,7.6,6.4,0,0,0.2,2.6,8,4.8,0.6,0,2.6,7.6,10.4,12,7,10.6,5.2,0.4,0.4,0.2,0,1.2,0,0,0.6,0.6,0.4,1,3,6.8,6.8,NA,11.4,19.6,8.8,11.2,1.8,NA,NA,6.2,8.2,11.2,8.6,15.4,3.4,14.2,2,6,9.4,17.6,18.6,17.4,18.2,4.6,3.6,NA,11.3,4.8,2.6,2.4,1.6,8.6,9.6,7.4,11,9,3.2,9,7.4,12.4,7.2,NA,14,13,1.6,11.2,NA,1.5,0.6,5.6,0.2,2.2,0.8,2.2,0.1,0.6,1.7,1.6,2.4,0.6,0.6,0.4,0.8,0.2,0.8,0.8,0.4,0.2,0,0,0,0,0.4,0.4,0.2,0.6,1.4,1.2,2.6,0.5,0.6,0.4,0.2,2,0.4,0.6,0.1,0.6,1.1,0.4,0.4,0.8
2025-03-23,1.4,0,7.8,0.6,1.8,16.6,1,0.9,11.2,3.6,10.2,15.8,6,6,4.2,4,3.5,2.8,14.2,5.8,11,11.4,1.4,NA,9.8,2.8,7.2,17.4,5.6,11.4,7,7.4,7.5,11.5,7.4,10.4,14,4.4,10.6,2.6,6,7.2,19.4,7.3,7.4,6.4,NA,3,1,3,0.8,2.3,7.8,9.2,11.6,6,5.4,8.4,13.8,6.2,8.7,11.2,9.3,22.6,17,17.2,13.4,10.6,17.2,13,15.9,11,16.2,15.6,16,14.2,5.5,18.1,11.2,6.3,16.6,4.8,25.8,16.2,15.4,11.2,15.4,34.4,12.6,11.2,18,20.6,NA,NA,25.4,28.8,27.8,26.4,23.8,7.2,27.8,35.2,18,NA,26.8,30.1,27.4,35.4,29.6,27.8,32,29.2,32.8,21.6,34.4,26.2,19.2,15,25,70.6,30.5,43.2,30.8,9.8,25,2.7,14.7,18.2,1.6,2.1,6.9,6.6,14.2,6.4,6.6,2.9,4,3.2,2.6,3.8,7.2,4.8,4,3.1,2.2,3,2,3,1.6,4.2,1.5,0.4,4,3.8,1.4,10.2,15.2,18.2,0.4,6.2,0.4,5.8,6.2,5.8,1.4,0.2,5.4,0.6,1.6,2,1.8,1,2.4,0.2,0.6,12.2,1.2,3.8,1.2,NA,0.6,1.2,1.6,5.6,3.6,7,1,5,12.4,0.2,2.4,3.2,7.8,2,10.8,9.2,3.6,5.2,2,9,4.8,2,5,5.6,0,5,6.5,11.2,5.4,1,0.4,NA,1.4,0.6,1.2,6.2,1,28.8,4.6,4.8,1.6,4.4,4.2,4,3.6,2.2,1,3.8,4.4,2.6,1.6,13.6,2.8,17,1,0.8,13,0.4,0,0,0.2,1.4,0,0.4,0.4,0.8,0.4,1.2,0.8,1.2,2,2.7,1.4,0,0.4,0,NA,NA,0,0.6,0,0,0.2,1,0,0,0.8,1.4,0.2,0,0,0,0,8.4,0,3,0,0,0,0.8,0,0,0,0,0.6,0,0,0,0,0,0,0,0,0,0,0,0,0,0,0,0,0,0,0,0,0,0,0,0,0,0,0,0,0,1.2,0,0.2,NA,0,0,0,0.4,0,0,0.8,0,0.2,0,0,1.6,0,1.4,0.6,0.6,1.6,0,0,0,0,0.2,0,0,0,0.8,0,0,0.6,0,1,0.4,0.2,0.8,1.6,0,0,2.6,2.8,0,1.2,0,0.6,0.6,2.1,6.2,1,0,2.6,0,3,4.8,8.4,0.6,4.2,0.6,4,4.8,1,0.2,1.2,0.6,0.2,0,2.4,0.4,0,6.4,1.2,3,2,0.4,0,0,3,0.6,0.6,NA,1.2,0.4,0.2,13.4,7.8,8.8,2.2,2.8,NA,NA,12.6,3.2,12.2,1.9,1.2,2.4,NA,9.2,3.6,0.6,3.6,0.2,3.8,4.2,4,1.4,6.6,16.4,10.8,8.4,11.4,8.4,6.2,11.4,8.4,NA,11.5,NA,16.4,12.4,NA,5.1,0.5,2.8,8.8,10.2,8.8,7,15.1,11.4,3.6,0.8,6.9,5.6,7.6,2.8,11.8,3,3.2,3.4,0.4,0.4,0.1,8.6,0.4,6.5,37.9,14.2,35.8,9,4,7.6,9.6,14.8,2.2,1.2,3.4,12.6,12.2,21.8,14.4,15,18.4,5.6,11.2,9.4,10,7,0,7.3,5.2,4,8.2,5.2,5.4,3.2,3.4,1.8,0,4.2,4.6,NA,7.6,NA,12.6,13.8,6,17,NA,10,0,2.4,NA,9.2,NA,8.2,3,2.5,2.8,0.4,11.4,0.4,5.2,3.5,6.4,0,2.6,3.9,8.4,1.4,0,0.2,0.4,2,3,1.2,0,0.2,1.4,0,0,1.8,0.6,4.6,1.6,3.8,1.6,4,1.4,1.6,5.8,2.8,0.8,0.4,3.2,2.5,1.6,2,0.2,2.2,2.2,0,0,0,0.2,1.2,0.1,0,0,0,0,0,0,0,0.2,NA,0,0.4,0,0,0,0,0,1.4,0,0,0,0,0,0,0,0,0,0,1,NA,0,0,0,0,0,0,0,0,0,0,1,0.8,NA,0,1.2,1,16.3,11.3,11.2,7.4,10.4,5.8,9.8,11.8,6.4,8.8,8.3,7.7,2.6,9.4,5.6,9,3.8,2.6,6.8,3.4,3.2,2.2,4.8,1.2,2,0,1,0,0,1.4,0.4,2.4,7.6,0.4,0.4,0.2,3.6,1.8,4.3,0.8,2.4,1.2,7.4,3.8,1.6,2.8,0.2,2,2.6,1.4,2,0.2,3.4,0.4,0,0.8,0.2,0.8,2,0.6,0,0.2,0.6,0,0.8,0,3.6,5.8,5,0.4,1,0.6,1.8,0.8,0.6,0.4,2.2,1.1,0.2,0.2,1.8,13,8.2,NA,5.4,6.4,10.6,8.2,3.2,NA,NA,4.4,7,6,6.4,9.8,11,9.2,1.4,7.8,4,4.8,7,7.6,7.8,0.2,1.6,NA,0.1,1.2,0.4,6.2,2.2,4.2,7.4,6.2,3.4,2.2,6,4.8,7,4,0.6,2.6,1.6,1.6,0,0.4,NA,1,2.2,1.8,0.4,1.7,3.2,0.6,0.7,1.2,2.5,0.8,0.1,3.2,3.6,7.2,3,7.6,9.2,10.6,5.2,4.2,2.2,0.4,3.7,0.8,0.4,3,4.4,0.8,0.8,0.6,0.2,0.5,0.6,0.4,0.4,1.2,1.4,6.4,0.5,4.2,0.3,6.7,11,7.6
2025-03-24,0,0,0,0,0,0,0,3.3,3.8,1.2,0.2,0.2,0.6,0.6,0,0,0,0,0,0,0,0.2,3,NA,7.6,7.6,10.6,2.4,7,1.4,0,2.3,0.2,10.1,7,10.4,10.4,11.8,14.1,0,3.6,1.4,10.6,2,2.2,4.8,NA,38.2,42.8,52,43.8,43.9,42.2,54.6,16.4,17,31.8,27.8,39.4,26,25.8,35.8,11.6,39.4,19.7,24.6,22.7,9,16,11.6,21.3,27.4,36.4,35.6,32.6,34.2,12,44.5,41.4,26.8,55,24.8,98.4,24.7,20.4,14.6,54,35.8,30.6,26.4,16.7,23.4,NA,NA,8.6,33.8,30.4,18.4,27.4,24,18.8,20.8,7.8,12.8,4.9,3.3,7.1,24.4,12.2,27.6,16.4,9.6,12.4,16.4,23.2,3.6,13.6,39.8,6.2,25.2,3.7,19.8,3.8,10.8,3,0.7,2.9,3,3.4,5.8,4.2,3.6,1.2,0.8,1.8,1.5,0,0,2.2,3.2,2.6,1.4,0.8,0,0.3,0,0,0.2,0,0.2,0,0,1.2,2.6,1.4,4.2,3,10.6,4.6,0.6,0.2,0.8,0.6,1.2,0,0,0,0,0,0,0.6,0,0,0,0,26.2,6.4,8.4,1.2,NA,2.4,1,0.6,3,5.4,3.8,12.8,13,14.6,2.6,8.6,5,13,8,1.8,2.4,0,5,4.2,8,8.2,17.4,1.2,4.2,6.8,0.2,0.3,0,3.2,7,7.6,NA,2.8,6.6,10.8,5,7.6,16.4,3.6,2.4,4.8,1.4,0.2,0.1,0,0.2,0,0,0.2,0,0.2,7.6,0.6,24.4,0.1,0,4.6,0.4,0,0,0.2,0,0,0,0,0,4.2,1.6,6.8,5.4,1.5,5.5,6.4,11.1,8,1.6,NA,NA,13,1.8,0,4.4,2.6,0,0,0,5.2,3.4,3.2,3.4,1,1.3,3.8,7.6,4.2,19.4,2.4,2.6,1.7,1.8,0.8,3.2,1.4,4.1,0.4,2.6,3.5,1,4.8,0.2,0,1.8,0.8,0.4,3.4,5.4,2.8,0.6,4.9,4,5.6,0,5.6,2.8,1,1.4,2.4,0,0.9,0,0.2,0,0.4,3.6,0.2,0.2,0,1,8.4,12.6,3.4,9.8,1.2,5.2,6.2,2.9,0.6,4.6,0.6,0.8,0.2,0.8,0.6,0.2,1,2.6,2.9,0.6,1,4.2,0,2.8,0.8,1.2,0.8,1.8,0.6,0.8,0.4,0.4,0,0.6,1,2.8,6,4.6,5.2,0.2,0.2,0.4,0.6,0,0,1,0,0.4,0,0,0.2,1.6,0,0.4,0,0.4,0.4,0.2,0,0.4,0.6,0,0,0,0,0,0,0,0,0.2,0,0,0,0,0,0,0,NA,0,0,0,0,0,0,0,0,NA,NA,4.2,0.6,0,0.2,NA,1,NA,0,0.2,0.4,0,3.4,1.2,0.2,0.2,0.4,0,0,0,0,0,0,0,0,0.2,NA,0,0,2,0,NA,0,0.2,0,0.2,0,0,0,0,0,0,0,0,0,0,0,0,0,0,0,0,0,0,0,0,0,0,0,0.2,NA,0,0,0,0,0,0,0,0,0.2,0,0,0,0,0,0,0,0,0,0,0,0,0,0.1,0,0,0,0,0,0,0,0,NA,0,NA,0,0,0,0,NA,0,0,0,NA,0,NA,8,0,0,0,0,0,0,0,0,0,0,0,0,0,0,0,0,0,0,0,0,0,0,0,0,0,0,0,0,0,0,0,0,0,0,0,0,0,0,0,0,0,0,0,0,0,0,0,0,0,0,0,0,0,0,0,0.2,0,0.2,1.4,3.6,0,0,0,0,0,2.4,0,0.6,0,0,0,0,0,0.2,3.2,2.4,1.2,1.6,2.8,NA,0.6,NA,NA,0,0,0.2,0,0,0,0.4,0.6,1.4,0.2,1,0.4,0,19.1,0,18.6,6.4,7.7,3.8,13.4,19,4.2,18.2,20.4,15.9,3.6,21.2,7,14,16.6,8.2,22.2,8.8,6.5,5.8,17.6,4.4,0.4,0.2,0,0.4,0,0,6,9.4,19.6,5.6,8.8,5.2,8.2,25.2,14.8,7,14.9,12.4,27.6,8.6,5.4,4.6,4.6,5.4,5.2,3.8,0.2,2.8,5.2,5.2,3.6,4,3.6,4,5,2.8,0,0.4,2,0,0,0.2,0,0,0,0.4,0,0.2,0.8,0,0,0.4,0.6,0.5,0,0,0,0.2,0.6,NA,1.2,0.6,0.6,0,7.8,NA,NA,0,0,0,0,0,0,0,0,0,0,0,0,0,0,0.2,0,NA,0,0,0.4,1.4,0,0,0,0,0,0,0,0,0,0,0,0,0,0,0,0,NA,11.6,14.4,12.2,2.4,12.5,10.2,3.8,3.1,2.2,5.4,2.8,5,4.4,3.9,0.2,1.8,0.4,2.6,0.2,8,2,0,0,0.7,0,1.8,1.4,1.4,2,3.8,5.2,17.4,3.6,3.6,4,3.6,5,4.2,8.6,2.7,0,0.8,0.8,1.2,1.8
2025-03-25,0,0,1,2.2,0.6,3.4,0,0,0.2,0.4,3.4,9.8,NA,0,0,0,0,1.4,0.2,0.6,0,7.8,0.2,NA,0.8,0,0.2,0.4,0,1.4,NA,0,0.8,6.5,0.2,0.2,0.2,0,0,0,0,0.6,0,0,0,0,NA,5.2,4.2,3.8,3.2,3,12.6,10.6,0.7,3.6,3.8,7.8,12.2,6.6,4,13.4,2.2,4.4,7.4,5.2,9.1,1.4,4.8,0.6,0.5,5.4,3.4,6.4,2.8,2.6,6.2,0.5,5,1,3,0.2,2.6,0.3,0.3,0.6,0.4,5.2,6.6,0.6,0.2,0,NA,NA,0.2,0,0,0,0.6,1.6,0.6,1.4,0,0,0,0,0.3,1.1,1,0,2,2.8,0,0.8,0.2,0,0,0,0,0.6,0.9,0.6,0.6,0,0,0,0,0.2,0,0,0,0,0,0,0,0,0,0,0,0,0,0,0,0,0,0,0,0,0,0,0,0,0.2,0,0,0,0,0,0,0,0,0,0,0,0,0,0,0,0,0,0,0,0,0,0,0.2,0,0.6,0,NA,0,1.6,0,0,0,0,0,0.2,0,16.6,0,0,0,0,0,0,NA,0,0,0,0,0.6,0.2,0.8,0,0,0,0,0,0,0,NA,0,0,0,0,0,11.2,0,0,0,0,0,0,0,0,0,0,0,0,0,0,0,0.2,0,0,0,0,0,0,0,0,0,0,0,0,0,0,0.2,0,0,0,0,0,0,0.2,NA,0,0,0,0,0,0,0,0,0,0.2,0,0,NA,0,0,0,0,0,0,0,0,NA,0,0,0,0.2,0,0.4,0,0,0,0,0,0,0,0,0,0.2,0,0,0,0,0,0,0,0,0,0,0,0,0,0,0,0,0,0,0,0,0,0,0,0,0.2,0,0,0,0,0.2,0,0,0,0,0,0,0,0,0,0,0,0.1,0,0.2,0,0.2,0.4,0,0,1,0,0,0,0,0,0,0,0.1,0,0,0,0,0,0,0,0,0,0.2,0,0,0,0,0,0,0,0.8,0,0,0,0,0,0,0,0,0,0,0,0,0,0.2,0,0,0,0,0,0,2.2,0.2,5,0,NA,0.6,1.4,1.8,1.2,1,0,0,1.4,NA,NA,11.4,0,0.4,0.5,0,0,NA,0,0.4,0.2,0.2,0,0,0,0,0,0,0,0,0,0,0,0,0,0,NA,NA,0,0,0,NA,0,0,0,0,0,0,0,0.1,0.4,0,0,0,0,1.2,0,1.8,0,0.8,0,0,0,0,0,0,0,2.1,0,0.4,0,NA,0,0,NA,1.6,2.2,0,1.8,0.6,3.2,0.4,0,0.4,6.4,12.8,6.4,4.4,0.2,0.2,1.3,0.4,0,0.1,0.4,0,2.1,7,0.8,1,0.4,0.2,NA,0.2,NA,0.2,0,0,0,NA,2.8,0,0,NA,0.3,NA,6,0,0,0,0,0.5,0,0,0.7,0,0,0,0,0,0,NA,15.4,0,0,0,0,0.4,3.6,0,0.6,0.4,2.8,0,0,0.2,0,0,0,0.2,0.4,3,14.8,0.4,1,2,0,0,0,0,0,0,0,0,0,0,0,0.1,0,0,0,0,0,0,0,1.2,0.2,2.8,4.8,2.2,3.3,3,1.2,2.3,0.8,0.2,0,0,0,2.6,0,0,0,0.6,0,2,NA,1.2,0.4,0.2,0,0.1,6.8,1.2,0,4.8,3.6,2.4,7.4,3.4,5,2,6,1,0,3.2,0.6,2.1,0.4,0.6,2,0.2,1.2,0.7,0.7,2.8,7.2,0.6,0.6,6.6,0,3,0.2,0.5,0,1,2.2,1.6,1.2,0,0,0,0,5.2,3,13,0.2,0,0,0,3.2,0,0.2,0.2,0.2,4.6,0.4,0.4,0,0,0,0,0,0,0,0.2,0,0,0,0,0,0,0,0,0,0,0,0,0,0,0,0,0,0,0,0,0,0,1,7.4,1.2,0.2,0,0.2,0.4,0,NA,0.2,0.2,0,0,1.6,NA,NA,0,2.6,0,0,0.6,0.2,0,0,0,2.2,NA,0,0,0,0,0,NA,0,0,0,0,0,0.2,0.4,0.4,10.2,1,0,0.4,0,0,7.4,0,0,0,0,0,NA,6.8,10.6,6.2,0.2,0.2,0,0,0,0,2.5,0.6,0,0.8,0,2.2,3.4,2.8,1.8,4.8,11,5.2,0,0,0,0,0,2.8,1.2,0.4,2,0,0,0,0,0,0,0.4,0,0.2,NA,0,0,5,0,2
2025-03-26,0,0,0.2,0,0,0,0,NA,0,0,2.2,2.4,0,0,0.2,0.2,0,0,0,0.7,1.2,0,0,NA,1.2,0,0,0,0,0,0,0,2.7,1.3,0,1.4,0.2,0,0,0,0,0,0,0,0,0,NA,1.2,0.2,0,0.2,0.2,0,0.2,0,0.2,2.6,0.2,0.6,0,0.1,0.2,0.1,0.4,0.6,0.6,0.5,0.2,0,0,0.1,0.4,0.2,1,0,0,2.9,0.1,0,0,0.4,0,0.4,0,0,0,0,0,0,0,0,0,NA,NA,0,0,0,0,0,0,0,0,0,0,0,0,0,0,0,0,0,0,0,0,0,0,0,0,0,0,0,0,0,0,0,0,0,0,0,0,0,0,0,0,0,0,0,0,0,0,0,0,0,0,0,0,0,0,0,0,0,0,0,0,0,0,0,0,0,0,0,0,0,0,0,0,0,0,0,0,0,0,0,0,0,0,0,0,0,NA,0,0.2,0,0,0,0,0,0,0,3.6,0,0,0,0,0,0,NA,0,0,0,0,0,0,0,0,0,0,0,0,0,0,NA,0,0,0,0,0,2.4,0,0,0,0,0,0,0,0,0,0,0,0,0,0,0,0,0,0,0,0,0,0,0,0,0,0,0,0,0,0,0,0,0,0,0,0,0,0,NA,0,0,0,0,0,0,0,0,0,0,0,0,0,0,0,0,0,0,0,0,0,0,0,0,0,0,0,0.2,0,0,0,0,0,0,0,0,0,0,0,0,0,0,0,0,0,0,0,0,0,0,0,0,0,0,0,0,0,0,0,0,0,0,0,0,0,0,0,0,0,0,0,0,0,0,0,0,0,0,0,0,0,0,0,0,0,0,0,0,0,0,0,0,0,0,0,0,0,0,0,0,0,0,0,0,0,0,0,0,0,0,0,0,0,0,0,0,0,0,0,0,0,0,0,0,0,0,0,0,0,0,0,0,0,0,0,0,0,0,0,0,0,0,0,0,0,0,0,NA,NA,0,0,0,0,0,0,0,0,0,0,0,0,0,0,0.2,0,0,0,0,0,0,0,0,0,0,NA,0,0,0,0,NA,0,0.1,0,0,0,0,0,0,0,0,0,0,0,0,0,NA,0,0,0,0,0,0,0,0,0,0,0,0,0,0.1,0,0,NA,0,0,0,0,0,0,0,0,0,0,0,0,0,0,0,0,0,0,0,0,0,0,0,0,0,0,0,NA,0,NA,0,0,0,0,NA,0,0,0,NA,0,NA,0,0,0,0,0,0,0,0,0,0,0,0,0,0,0,0,0,0,0,0,0,0,0,0,0,0,0.2,0,0,0,0.3,0,0,0,0,0,0,0,0,0,0,0,0,0,0,0,0,0,0,0,0,0,0,0,0,0,0,0,0,0,0,0,0,0,0,0,0,0,0,0,0,0,0,0,0,0,0,0,0,0,0,0,NA,NA,0,0,0,0,0,0,0,0,0,0,0,0.2,0,0.1,0,0,0,0,0,0.4,0,0,0.2,0.3,0.1,0.2,1.2,0.2,0.4,0.4,0,0.6,0,0.1,0,0.4,0.4,0,0,0,0,0,0,0.2,0.4,2.6,0,0,0,0,1.8,0,0,0,0.2,0.8,0,0.4,0,0,0,0,0,0,0,0,0,0,0,0,0,0,0,0,0,0,0,0,0,0,0,0,0,0,0,0,0,0,0,0,0,0,0,0,0,0,NA,0,0,0,0,0,NA,NA,0,0,0,0,0,0,0,0,0,0,0,0,0,0,0,0,NA,0,0,0,0,0,0,0,0,0,0,0,0,0,0,0,0,0,0,0,0,NA,0,0,1,0,0,1.6,0,0,0,2.3,0,0.7,0.4,3.9,0,0.4,1,1.6,1.2,0.4,0,0,0,0,0,0,0,0,0.4,0.4,0,0,0,0,0,0,0,0,0,0,0,0,0,0,0
2025-03-27,0,0,0,0,0,0,0,0,0,0.2,0,0.4,1.4,1.4,0,0,0,0,0,0,0,4,1.4,NA,0.4,0,0.6,0,0.4,0,NA,0,0,1.3,2,0,0.5,0,0,0,1,0,0,0,0,0,NA,1.8,1.4,0.2,0,0,1.4,1.6,0.4,0.4,1.4,0.8,1.4,0.4,0.6,2,1.5,1,1.2,0.8,1.4,1.6,1.8,4.6,0.1,0.2,2,1.8,0.6,0.2,0.5,1.5,0.4,0,0.4,0,0.2,0,0,0,0.2,0,0,0,0,0,NA,NA,0,0,0,0,0,0,0,0,0,NA,0,0,0,0,0,0,0,0,0,0,0,0,0,0,0,0,0,0,0,0,0,0,0,0,0,0,0,0,0,0,0,0,0,0,0,0,0,0,0,0,0,0,0,0,0,0,0,0,0,0,0,0,0,0,0,0,0,0,0,0,0,0,0,0,0,0,0,0,0,0,0,0,0,0,0,NA,0,0,0,0,0,0,0,0,0,2.4,0,0,0,0,0,0,NA,0,0,0,0,0,0,0,0,0,0,0,0,0,0,NA,0,0,0,0,0,0,0,0,0,0,0,0,0,0,0,0,0,0,0,0,0,0,0,0,0,0,0,0.1,0,0,2.2,0,0,0,0,0,0,0,0,0,0,0,0,0,NA,0,0,0,0,0,0,0,0.8,0,0,0,0,0,0,0,0,0,0,0,0,0,0,0,0,0,0,0,0,0,0,0,0,0,0,0,0,0,0,0,0,0,0,0,0,0,0,NA,0,0,0,0,0,0,0,0,0,0,0,0,0,0,0,0,1.2,0,0,0,0,0,0,0,0,0,0,0,0,0,0,0,0,0,0,0,0,0,0,0,0,0,0,0,0,0,0,0,0,0,0,0,0,0,0,0,0,0,0,0,0,0,0,0,0,0,0,0,0,0,0,0,0,0,0,0,0,0,0,0,0,0,0,0,0,0,0,0,0,0,0,0,0,0,0,0,0,0,0,0,NA,NA,0,0,0,0,0,0,0,0,0,0,0,0,0,0,0.2,0,0,0,0,0,0,0,0,0,0,NA,0,0,0,0,NA,0,0,0,0,0,0,0,0,0,0,0,0,0,0,0,0,0,0,0,0,0,0,0,0,0,0,0,0,0,NA,0,0,NA,0,0.2,0,0,0,0,0,0,0,0,0,0,0,0,0,0,0,0,0,0,0,0,0,0,0,0,0,NA,0,NA,0,0,0,0,NA,0,0,0,NA,0,NA,0,0,0,0,0,0,0,0,0,0,0,0,0,0,0,0,0,0,0,0,0,0,0,0,0,0,0,0,0,0,0,0,0,0,0,0,0,0,0,0,0,0,0,0,0,0,0,0,0,0,0,0,0,0,0,0,0,0,0,0,0,0,0,0,0,0,0,0,0,0,0,0,0,0,0,0,0,0,0,0,0,0,0,0,0,0,0,0,0,0,0,0,0,0,0,0,0,0,0,0,0,0,0,0,0,0,0,NA,0,0.1,0.8,0,1,0.4,0,0.2,0,0,0,0,0,0,0,0,0,0,0,0,0,0.6,0,0,0,0,0,0,0,NA,0,0,0,0,0,0,0,0,0,0,0,0,0,0,0,0,0,0,0,0,0,0,0,0,0,0,0,0,0,0,0,0,0,0,0,0,0,0,0,0,0.2,0,NA,0,0,0.6,0.4,0,NA,NA,0,0,0,0,0,0,0,0,0,0,0,0,0,0,0,0,NA,0,0,0,0,0,0,0,0,0,0,0,0,0,0,0,0,0,0,0,0,NA,0,0,0.6,0,0,0,0,0,0,0,0,0,0,0,0,0,0,0,0,0,0,0,0,4.7,0,0,1.4,0.4,0.2,0,0,0,0.2,0,0,0,0,0.2,0,0,0,0,0,0,0
2025-03-28,0,0,0,0,0,0,0,0,0,0,0,0,0,0,0,0,0,0,0,0,0,0,0,NA,0,0,0,NA,0,0,0,0,0,0,0,0,NA,0,0,0,0,0,0,0,0,0,NA,5.6,0.4,5.2,3.5,3.4,6.8,11.6,5.5,3,3.2,5.4,5.6,5,6.8,6.6,1.2,7,4.4,7.8,6.6,2.6,5.2,3,5.1,3.8,5,11.2,4.4,3.6,1.1,4.5,6,4.9,3.4,3.6,16.2,2.6,2,1.2,5.8,3.4,3.2,6.6,4.1,0,NA,NA,0,0.8,0.2,0,0.6,2.2,0.6,2.2,1.8,NA,3.5,0.7,3.2,0.1,0.2,0,1.6,1.4,0,0,1.2,2.8,0,0,0,2.2,3.1,3.6,3,1.2,1.8,0.3,0,0,0.4,1.1,0.4,0.6,0.6,0,0,0,0,0,0,0,0,0,0,0,0,0,0,0,0,0,0,0,0,0,0,0,0,0,0,0,0,0,0,0,0,0,0,0,0,0,0,0,0,0,0,7.6,0,0,0,NA,0,0,0,0,0,0,0,0,0,0,0,0,0,0,0,0,NA,0,0,0,0,0,0,0,0,0,0,0,0,0,0,NA,0,0,0,0,0,0,0,0,0,0,0,0,0,0,0,0,0,0,0,0,0,0,0,0,0,0,0,0,0,0,0,0,0,0,0,0,0,0,0,0,0,0,0,0,NA,0,0,0,0,0,0,0,0,0,0,0,0,0,0,0,0,0,0,0,0,0,0,0,0,0,0,0,0,0,0,0,0,0,0,0,0,0,0,0,0,0,0,0,0,0,0,0,0,0,0,0,0,0,0,0,0,0,0,0,0,0,0,0,0,0,0,0,0,0,0,0,0,0,0,0,0,0,0,0,0,0,0,0,0,0,0,0,0,0,0,0,0,0,0,0,0,0,0,0,0,0,0,0,0,0,0,0,0,0,0,0,0,0,0,0,0,0,0,0,0,0,0,0,0,0,0,0,0,0,0,0,0,0,0,0,0,0,0,0,0,0,0,0,0,0,0,0,NA,NA,0,0,0,0,0,0,0,0,0,0,0,0,0,0,0,0,0,0,0,0,0,0,0,0,0,NA,0,0,0,0,NA,0,0,0,0,0,0,0,0,0,0,0,0,0,0,0,0,0,0,0,0,0,0,0,0,0,0,0,0,0,NA,0,0,NA,0,0,0,0,0,0,0,0,0,0,0,0,0,0,0,0,0,0,0,0,0,0,0,0,0,0,0,NA,0,NA,0,0,0,0,NA,0,0,0.2,NA,0,NA,0,0,0,0,0,0,0,0,0,0,0,0,0,0,0,0,0,0,0,0,0,0,0,0,0,0,0,0,0,0,0,0,0,0,0,0,0,0,0,0,0,0,0,0,0,0,0,0,0,0,0,NA,0,0,0,0,0,0,0,0,0,0,0,0,0,0,0,0,0,0,0,0,0,0,0,0,0,0,0,0,0,0,0,0,0,0,0,0,0,0,0,0,0,0,0,0,0,0,0,0.8,0,0.7,0,0,0,0.2,1,0.5,0.8,0.1,1.2,0.4,2.4,1,0.2,2.6,0.4,0.2,0,0.6,0.4,1.6,8,0,0.2,0,0,4.8,2.4,9.2,0.4,0,0,0,5.2,0,0,0.2,0,3,0,0,0,0,0,0,0,0,0,0,0,0,0,0,0,0,0,0,0,0,1.6,0,0,0,0,0,0,0,0,0,0,0,0,0.2,0,0,0,0,0,0,NA,0,0,0,0,1,NA,NA,0.6,0,0,0,0,0,0,1,0,0,0,0,0,0,0,0,NA,0,0,1.4,0,0,0,0,0,0,0,0,0,0,0,0,0,0,0,0,0,NA,6.1,11,6.6,0,0,0,0,0,0,0,0,0,0,0,0,0,0,0,0,0,0.2,0,0,0,0,0,0,0,0,0,0,0,0,0,0,0,0,0,0,0,0,0,0,0,0
2025-03-29,0,0,0,0,0,0,0,0,0,0,0,0,0,0,0,0,0,0,0,0,0,0,0,NA,0,0,0,0,0,0,NA,0,0,NA,0,0,0,0,0,0,0,0,1.4,NA,0,0,NA,4.8,0,1.2,0.6,0.6,0.4,1.2,0,1.2,3.4,1,1,0.8,1,1.4,0.2,4.2,1,1.2,0.5,0.4,0.4,0.2,0,0.4,0.8,2.2,1,0.6,0.6,0,0.2,0,1.2,0.2,0.2,0,0,0,0,0.8,0,0,0,0,NA,NA,0,0.2,0,0,0,0,0,0,0,NA,0,0,NA,0,0,0,0,0,0,0,0,0,0,0,0,0,0,0,0,0,0,0,0,0,0,0,0,0,0,0,0,0,0,0,0,0,0,0,0,0,0,0,0,0,0,0,0,0,0,0,0,0,0,0,0,0,0,0,0,0,0,0,0,0,0,0,0,0,0,0,0,0,0,0,0,NA,0,0,0,0,0,0,0,0,0,0,0,0,0,0,0,0,NA,0,0,0,0,0,0,0,0,0,0,0,0,0,0,NA,0,0,0,0,0,0,0,0,0,0,0,0,0,0,0,0,0,0,0,0,0,0,0,0,0,0,0,0,0,0,0,0,0,0,0,0,0,0,0,0,0,0,0,0,NA,0,0,0,0,0,0,0,0,0,0,0,0,0,0,0,0,0,0,0,0,0,0,0,0,0,0,0,0,0,0,0,0,0,0,0,0,0,0,0,0,0,0,0,0,0,0,0,0,0,0,0,0,0,0,0,0,0,0,0,0,0,0,0,0,0,0,0,0,0,0,0,0,0,0,0,0,0,0,0,0,0,0,0,0,0,0,0,0,0,0,0,0,0,0,0,0,0,0,0,0,0,0,0,0,0,0,0,0,0,0,0,0,0,0,0,0,0,0,0,0,0,0,0,0,0,0,0,0,0,0,0,0,0,0,0,0,0,0,0,0,0,0,0,0,0,0,0,NA,NA,0,0,0,0,NA,0,0,0,0,0,0,0,0,0,0,0,0,0,0,0,0,0,0,0,0,NA,0,0,0,0,NA,0,0,0,0,0,0,0,0,0,0,0,0,0,0,0,NA,0,0,0,0,0,0,0,0,0,0,0,0,0,0,0,0,NA,0,0,0,0,0,0,0,0,0,0,0,0,0,0,0,0,0,0,0,0,0,0,0,0,0,0,0,0,0,NA,0,0,0,0,NA,0,0,0,NA,0,NA,0,0,0,0,0,0,0,0,0,0,0,0,0,0,0,0,0,0,0,0,0,0,0,0,0,0,0,0,0,0,0,0,0,0,0,0,0,0,0,0,0,0,0,0,0,0,0,0,0,0,0,0,0,0,0,0,0,0,0,0,0,0,0,0,0,0,0,0,0,0,0,0,0,0,0,0,0,0,0,0,0,0,0,0,0,0,0,0,0,0,0,0,0,0,0,0,0,0.1,0,0.2,0.4,0.2,0,0,1,1,0.6,0.3,0.4,0.3,1.2,0.2,1,1.6,0.6,1.4,0.4,0.4,0,0.2,0,0.6,5,0.2,0.6,0,0,2.2,1.6,3.4,0.4,0,0,0,6.2,0,0.6,NA,0.6,2,0,0,0.2,0,0,0.2,0,0,0,0,0,0,0,0,0,0,0,0,0,0,1.2,0,0,0,0,0,0,0,0,0,0,0,0,3.2,0,0,0,0,0,0,NA,0,0,0,0,1.4,NA,NA,3.2,0,0,0,0,0,0,1,0,0,0,0,0,0,0,0,NA,0.3,0.2,2.6,0,0,0,0,0,0,0,0,0,0,0,0,0,0,0,0,0,NA,2.4,4.8,2.6,0,0,0,0,0,0,0,0,0.1,0,0,0,0,0,0,0,0,0,1.6,1.8,3.6,0,0,0,0,0,0,0,0,0,0,0,0,2.2,0,0,1.1,0,0,0,0,0
2025-03-30,0,0,0,0,0,0,0,0,0,0,0,0,0,0,0,0,0,0,0,0,0,0,0,NA,0,0,0,0,0,0,0,0,0,0,0,0,0,0,0,0,0,0,0,0,0,0,NA,0,0,0,0,0,0,0,0,0,0.2,0,0,0,0,0,0,0,0,0,0,0,0,0,0,0,0,0,0,0,0.3,0,0,0,0,0,0,0,0,0,0,0,0,0,0,0,NA,NA,0,0,0,0,0,0,0,0,0,0,0,0,0,0,0,0,0,0,0,0,0,0,0,0,0,0,0,0,0,0,0,0,0,0,0,0,0,0,0,0,0,0,0,0,0,0,0,0,0,0,0,0,0,0,0,0,NA,0,0,0,0,0,0,0,0,0,0,0,0,0,0,0,0,0,0,0,0,0,0,0,0,0,0,0,0,NA,0,0,0,0,0,0,0,0,0,0,0,0,0,0,0,0,NA,0,0,0,0,0,0,0,0,0,0,0,0,0,0,NA,0,0,0,0,0,0,0,0,0,0,0,0,0,0,0,0,0,0,0,0,0,0,0,0,0,0,0,0,0,0,0,0,0,0,0,0,0,0,0,0,0,0,0,0,NA,0,0,0,0,0,0,0,0,0,0,0,0,0,0,0,NA,0,0,0,0,0,0,0,0,0,0,0,0,0,0,0,0,0,0,0,0,0,0,0,0,0,0,0,0,0,0,0,0,0,0,0,0,0,0,0,0,0,0,0,0,0,0,0,0,0,0,0,0,0,0,0,0,0,0,0,0,0,0,0,0,0,0,0,0,0,0,0,0,0,0,0,0,0,0,0,0,0,0,0,0,0,0,0,0,0,0,0,0,0,0,0,0,0,0,0,0,0,0,0,0,0,0,0,0,0,0,0,0,0,0,0,0,0,0,0,0,0,0,0,0,0,0,0,0,0,0,0,NA,NA,0,0,0,0,NA,0,0,0,0,0,0,0,0,0,0,0,0,0,0,0,0,0,0,0,0,NA,0,0,0,0,NA,0,0,0,0,0,0,0,0,0,0,0,0,0,0,0,0,0,0,0,0,0,0,0,0,0,0,0,0,0,0,0,0,NA,0,0,0,0,0,0,0,0,0,0,0,0,0,0,0,0,0,0,0,0,0,0,0,0,0,0,0,0,0,NA,0,0,0,0,NA,0,0,0,NA,0,NA,0,0,0,0,0,0,0,0,0,0,0,0,0,0,0,0,0,0,0,0,0,0,0,0,0,0,0,0,0,0,0,0,0,0,0,0,0,0,0,0,0,0,0,0,0,0,0,0,0,0,0,0,0,0,0,0,0,0,0,0,0,0,0,0,0,0,0,0,0,0,0,0,0,0,0,0,0,0,0,0,0,0,0,0,0,0,0,0,0,0,0,0,0,0,0,0,0,0,0,0,0,0,0,0,0,0,0,0,0,0,0,0,0,0,0,0,0,0,0,0,0,0,0,0,0,0,0,0,0,0,0,0,0,0,0,0,0,0,0,0,0,0,0,0,0,0,0,0,0,0,0,0,0,0,0,0,0,0,0,0,0,0,0,0,0,0,0,0,0,0,0,0,0,0,0,0,0,0,0,0,NA,0,0,0,0,0,NA,NA,0,0,0,0,0,0,0,0,0,0,0,0,0,0,0,0,NA,0,0,0,0,0,0,0,0,0,0,0,0,0,0,0,0,0,0,0,0,NA,0,0,0,0,0,0,0,0,0,0,0,0,0,0,0,0,0,0,0,0,0,0,0,0,0,0,0,0,0,0,0,0,0,0,0,0,0,0,0,0,0,0,NA,0,0
2025-03-31,0,0,0,0,0,0,0,0,0,0,0,0,0,0,0,0,0,0,0,0,0,0,0,NA,0,0,0,0,0,0,0,0,0,0,0,0,0,0,0,0,0,0,0,0,0,0,NA,0,0,0,0,0,0,0,0,0,0.2,0,0,0,0,0,0.1,0,0,0,0,0,0,0,0,0,0,0,0,0,0,0,0,0,0,0,0,0,0,0,0,0,0,0,0,0,NA,NA,0,0,0,0,0,0,0,0,0,0,0,0,0,0,0,0,0,0,0,0,0,0,0,0,0,0,0,0,0,0,0,0,0,0,0,0,0,0,0,0,0,0,0,0,0,0,0,0,0,0,0,0,0,0,0,0,NA,0,0,0,0,0,0,0,0,0,0,0,0,0,0,0,0,0,0,0,0,0,0,0,0,0,0,0,0,0,0,0,0,0,0,0,0,0,0,0,0,0,0,0,0,0,0,0,0,0,0,0,0,0,0,0,0,0,0,0,0,NA,0,0,0,0,0,0,0,0,0,0,0,0,0,0,0,0,0,0,0,0,0,0,0,0,0,0,0,0,0,0,0,0,0,0,0,0,0,0,0,0,0,0,0,0,NA,0,0,0,0,0,0,0,0,0,0,0,0,0,0,0,NA,0,0,0,0,0,0,0,0,0,0,0,0,0,0,0,0,0,0,0,0,0,0,0,0,0,0,0,0,0,0,0,0,0,0,0,0,0,0,0,0,0,0,0,0,0,0,0,0,0,0,0,0,0,0,0,0,0,0,0,0,0,0,0,0,0,0,0,0,0,0,0,0,0,0,0,0,0,0,0,0,0,0,0,0,0,0,0,0,0,0,0,0,0,0,0,0,0,0,0,0,0,0,0,0,0,0,0,0,0,0,0,0,0,0,0,0,0,0,0,0,0,0,0,0,0,0,0,0,0,0,0,NA,NA,0,0,0,0,NA,0,0,0,0,0,0,0,0,0,0.2,0,0,0,0,0,0,0,0,0,0,NA,0,0,0,0,NA,0,0,0,0,0,0,0,0,0,0,0,0,0,0,0,0,0,0,0,0,0,0,0,0,0,0,0,0,0,0,0,0,NA,0,0.2,0,0,0,0,0,0,0,0,0,0,0,0,0,0,0,0,0,0,0,0,0,0,0,0,0,0,0,NA,0,0,0,0,NA,0,0,0,NA,0,NA,0,0,0,0,0,0,0,0,0,0,0,0,0,0,0,0,0,0,0,0,0,0,0,0,0,0,0,0,0,0,0,0,0,0,0,0,0,0,0,0,0,0,0,0,0,0,0,0,0,0,0,0,0,0,0,0,0,0,0,0,0,0,0,0,0,0,0,0,0,0,0,0,0,0,0,0,0,0,0,0,0,0,0,0,0,0,0.4,0,0,0,0,0,0,0,0,0,0,NA,0,0,0,0,0,0,0,0,0,0,0,0,0,0,0,0,0,0,0,0,0,0,0,0,0,0,0,0,0,0,0,0,0,0,0,0,0,0,0,0,0,0,0,0,0,0,0,0,0,0,0,0,0,0,0,0,0,0,0,0,0,0,0,0,0,0,0,0,0,0,0,0,0,0,0,0,0,0,0,0,0,NA,NA,0,0,0,0,0,NA,NA,0,0,0,0,0,0,0,0,0,0,0,0,0,0,0,0,NA,0,0,0,0,0,0,0,0,0,0,0,0,0,0,0,0,0,0,0,0,NA,0,0,0,0,0,0,0,0,0,0,0,0,0,0,0,0,0,0,0,0,0,0,0,0,0,0,0,0,0,0,0,0,0,0,0,0,0,0,0,0,0,0,0,0,0
